USE [master]
GO
/****** Object:  Database [GameDatabase]    Script Date: 2017-01-07 02:43:47 ******/
CREATE DATABASE [GameDatabase]
 CONTAINMENT = NONE
 ON  PRIMARY 
( NAME = N'GameDatabase', FILENAME = N'C:\Program Files\Microsoft SQL Server\MSSQL12.SQLEXPRESS\MSSQL\DATA\GameDatabase.mdf' , SIZE = 4288KB , MAXSIZE = UNLIMITED, FILEGROWTH = 1024KB )
 LOG ON 
( NAME = N'GameDatabase_log', FILENAME = N'C:\Program Files\Microsoft SQL Server\MSSQL12.SQLEXPRESS\MSSQL\DATA\GameDatabase_log.ldf' , SIZE = 1072KB , MAXSIZE = 2048GB , FILEGROWTH = 10%)
GO
ALTER DATABASE [GameDatabase] SET COMPATIBILITY_LEVEL = 120
GO
IF (1 = FULLTEXTSERVICEPROPERTY('IsFullTextInstalled'))
begin
EXEC [GameDatabase].[dbo].[sp_fulltext_database] @action = 'enable'
end
GO
ALTER DATABASE [GameDatabase] SET ANSI_NULL_DEFAULT OFF 
GO
ALTER DATABASE [GameDatabase] SET ANSI_NULLS OFF 
GO
ALTER DATABASE [GameDatabase] SET ANSI_PADDING OFF 
GO
ALTER DATABASE [GameDatabase] SET ANSI_WARNINGS OFF 
GO
ALTER DATABASE [GameDatabase] SET ARITHABORT OFF 
GO
ALTER DATABASE [GameDatabase] SET AUTO_CLOSE ON 
GO
ALTER DATABASE [GameDatabase] SET AUTO_SHRINK OFF 
GO
ALTER DATABASE [GameDatabase] SET AUTO_UPDATE_STATISTICS ON 
GO
ALTER DATABASE [GameDatabase] SET CURSOR_CLOSE_ON_COMMIT OFF 
GO
ALTER DATABASE [GameDatabase] SET CURSOR_DEFAULT  GLOBAL 
GO
ALTER DATABASE [GameDatabase] SET CONCAT_NULL_YIELDS_NULL OFF 
GO
ALTER DATABASE [GameDatabase] SET NUMERIC_ROUNDABORT OFF 
GO
ALTER DATABASE [GameDatabase] SET QUOTED_IDENTIFIER OFF 
GO
ALTER DATABASE [GameDatabase] SET RECURSIVE_TRIGGERS OFF 
GO
ALTER DATABASE [GameDatabase] SET  ENABLE_BROKER 
GO
ALTER DATABASE [GameDatabase] SET AUTO_UPDATE_STATISTICS_ASYNC OFF 
GO
ALTER DATABASE [GameDatabase] SET DATE_CORRELATION_OPTIMIZATION OFF 
GO
ALTER DATABASE [GameDatabase] SET TRUSTWORTHY OFF 
GO
ALTER DATABASE [GameDatabase] SET ALLOW_SNAPSHOT_ISOLATION OFF 
GO
ALTER DATABASE [GameDatabase] SET PARAMETERIZATION SIMPLE 
GO
ALTER DATABASE [GameDatabase] SET READ_COMMITTED_SNAPSHOT ON 
GO
ALTER DATABASE [GameDatabase] SET HONOR_BROKER_PRIORITY OFF 
GO
ALTER DATABASE [GameDatabase] SET RECOVERY SIMPLE 
GO
ALTER DATABASE [GameDatabase] SET  MULTI_USER 
GO
ALTER DATABASE [GameDatabase] SET PAGE_VERIFY CHECKSUM  
GO
ALTER DATABASE [GameDatabase] SET DB_CHAINING OFF 
GO
ALTER DATABASE [GameDatabase] SET FILESTREAM( NON_TRANSACTED_ACCESS = OFF ) 
GO
ALTER DATABASE [GameDatabase] SET TARGET_RECOVERY_TIME = 0 SECONDS 
GO
ALTER DATABASE [GameDatabase] SET DELAYED_DURABILITY = DISABLED 
GO
USE [GameDatabase]
GO
/****** Object:  Table [dbo].[__MigrationHistory]    Script Date: 2017-01-07 02:43:48 ******/
SET ANSI_NULLS ON
GO
SET QUOTED_IDENTIFIER ON
GO
SET ANSI_PADDING ON
GO
CREATE TABLE [dbo].[__MigrationHistory](
	[MigrationId] [nvarchar](150) NOT NULL,
	[ContextKey] [nvarchar](300) NOT NULL,
	[Model] [varbinary](max) NOT NULL,
	[ProductVersion] [nvarchar](32) NOT NULL,
 CONSTRAINT [PK_dbo.__MigrationHistory] PRIMARY KEY CLUSTERED 
(
	[MigrationId] ASC,
	[ContextKey] ASC
)WITH (PAD_INDEX = OFF, STATISTICS_NORECOMPUTE = OFF, IGNORE_DUP_KEY = OFF, ALLOW_ROW_LOCKS = ON, ALLOW_PAGE_LOCKS = ON) ON [PRIMARY]
) ON [PRIMARY] TEXTIMAGE_ON [PRIMARY]

GO
SET ANSI_PADDING OFF
GO
/****** Object:  Table [dbo].[GoldMines]    Script Date: 2017-01-07 02:43:48 ******/
SET ANSI_NULLS ON
GO
SET QUOTED_IDENTIFIER ON
GO
CREATE TABLE [dbo].[GoldMines](
	[Id] [int] IDENTITY(1,1) NOT NULL,
	[Level] [int] NOT NULL,
	[GoldPerRound] [int] NOT NULL,
 CONSTRAINT [PK_dbo.GoldMines] PRIMARY KEY CLUSTERED 
(
	[Id] ASC
)WITH (PAD_INDEX = OFF, STATISTICS_NORECOMPUTE = OFF, IGNORE_DUP_KEY = OFF, ALLOW_ROW_LOCKS = ON, ALLOW_PAGE_LOCKS = ON) ON [PRIMARY]
) ON [PRIMARY]

GO
/****** Object:  Table [dbo].[Heroes]    Script Date: 2017-01-07 02:43:48 ******/
SET ANSI_NULLS ON
GO
SET QUOTED_IDENTIFIER ON
GO
CREATE TABLE [dbo].[Heroes](
	[Id] [int] IDENTITY(1,1) NOT NULL,
	[UserId] [int] NOT NULL,
	[HeroName] [nvarchar](max) NULL,
	[Attack] [int] NOT NULL,
	[Defence] [int] NOT NULL,
	[Level] [int] NOT NULL,
	[Coeff] [real] NOT NULL,
 CONSTRAINT [PK_dbo.Heroes] PRIMARY KEY CLUSTERED 
(
	[Id] ASC
)WITH (PAD_INDEX = OFF, STATISTICS_NORECOMPUTE = OFF, IGNORE_DUP_KEY = OFF, ALLOW_ROW_LOCKS = ON, ALLOW_PAGE_LOCKS = ON) ON [PRIMARY]
) ON [PRIMARY] TEXTIMAGE_ON [PRIMARY]

GO
/****** Object:  Table [dbo].[Resources]    Script Date: 2017-01-07 02:43:48 ******/
SET ANSI_NULLS ON
GO
SET QUOTED_IDENTIFIER ON
GO
CREATE TABLE [dbo].[Resources](
	[Id] [int] IDENTITY(1,1) NOT NULL,
	[Amount] [int] NOT NULL,
 CONSTRAINT [PK_dbo.Resources] PRIMARY KEY CLUSTERED 
(
	[Id] ASC
)WITH (PAD_INDEX = OFF, STATISTICS_NORECOMPUTE = OFF, IGNORE_DUP_KEY = OFF, ALLOW_ROW_LOCKS = ON, ALLOW_PAGE_LOCKS = ON) ON [PRIMARY]
) ON [PRIMARY]

GO
/****** Object:  Table [dbo].[TownHalls]    Script Date: 2017-01-07 02:43:48 ******/
SET ANSI_NULLS ON
GO
SET QUOTED_IDENTIFIER ON
GO
CREATE TABLE [dbo].[TownHalls](
	[Id] [int] IDENTITY(1,1) NOT NULL,
	[Level] [int] NOT NULL,
	[Defence] [int] NOT NULL,
 CONSTRAINT [PK_dbo.TownHalls] PRIMARY KEY CLUSTERED 
(
	[Id] ASC
)WITH (PAD_INDEX = OFF, STATISTICS_NORECOMPUTE = OFF, IGNORE_DUP_KEY = OFF, ALLOW_ROW_LOCKS = ON, ALLOW_PAGE_LOCKS = ON) ON [PRIMARY]
) ON [PRIMARY]

GO
/****** Object:  Table [dbo].[Users]    Script Date: 2017-01-07 02:43:48 ******/
SET ANSI_NULLS ON
GO
SET QUOTED_IDENTIFIER ON
GO
CREATE TABLE [dbo].[Users](
	[Id] [int] IDENTITY(1,1) NOT NULL,
	[NickName] [nvarchar](max) NULL,
	[Password] [nvarchar](max) NULL,
	[Resources_Id] [int] NULL,
	[Hall_Id] [int] NULL,
	[Mine_Id] [int] NULL,
 CONSTRAINT [PK_dbo.Users] PRIMARY KEY CLUSTERED 
(
	[Id] ASC
)WITH (PAD_INDEX = OFF, STATISTICS_NORECOMPUTE = OFF, IGNORE_DUP_KEY = OFF, ALLOW_ROW_LOCKS = ON, ALLOW_PAGE_LOCKS = ON) ON [PRIMARY]
) ON [PRIMARY] TEXTIMAGE_ON [PRIMARY]

GO
INSERT [dbo].[__MigrationHistory] ([MigrationId], [ContextKey], [Model], [ProductVersion]) VALUES (N'201701050106118_init', N'EntityHomework.Migrations.Configuration', 0x1F8B0800000000000400ED5BCD6EE33610BE17E83B083AB545D64AB29736B077913A9BD6E8E6077176D1DB8291C68E108A72452AB551F4C97AE823F5154A4AA24491D45FE238D9C5229784223FCE1F87C399C97FFFFC3B7EBB8EB0730F090D6332710F46FBAE03C48F83902C276ECA16AF7E74DFBEF9F69BF1BB205A3B1FE5BCD7621E5F49E8C4BD656C75E479D4BF8508D15114FA494CE3051BF971E4A120F60EF7F77FF20E0E3CE0102EC7729CF1554A581841F607FF731A131F562C45F82C0E00D3629C7F9967A8CE398A80AE900F13F71D5FC936BFC611FC192777AE738C43C4A998035EB80E22246688711A8F3E5098B32426CBF98A0F207CBD59019FB740984241FB5135BD2F1BFB87820DAF5A28A1FC94B2381A0878F0BA908BA72F7F9074DD526E5C72B99C04D799F426EECF6988855A5D47DFEC688A13315117EE28D3C6482EDC73EA9FF74A7BE066237EF69C698A599AC08440CA1284F79CCBF40687FE6FB0B98EEF804C488AB14A25A7937FAB0DF0A1CB245E41C23657B028689F05AEE3D5D779FAC27299B226E76A46D8EB43D739E79BA31B0CA511281298B338815F80408218049788314888C0808C656377632F316F1142D2B5673BCE7BB807FC38086EF7C9EC6408C6D8AB6CA5D5827E85241E6C3D62D157CB695757E77EED1842C4E23789C2FD5E76CECFD0FA3D9025BB9DB8FC57D7390DD710C89102F90309B9B7E78B5892766E74CC18F2EF1E47EC092CF80503CF7E4EA6312C16A5C4B8BC306CEB9C5C018DD344F038F0ACC8855FCF4BB30946318F1D1EA77A296681F1248E521CEAC1CA178BBE2ABE71AFF3D0BFDB8993BB449472D907DBDFE81CDD87CB4C18DA9632C2A2AE7305389B416FC3551ED56686F14999729AC4D1558C0B3BABBE7C9A175EE73AB67EBE46C912587FAAC4B5022D24C9EF1A3DF9B09D98E2DB504AE4816D214699A2D1537EB193547DB651D574E48F298DFD30A34439F38A96EA9CBD2381D3AEB2DCD4243BDCDAF8310F57FC60F3CDF9BBCCD50FF00539010C0C9C633F7F6E4C11F551601A1D6720E8498C1480424CF568A813F483B10FF7249088A38C307FCE51EE9B42C24CB713123F5C21DC2A0D6D554F7725782DF1F52F27B002223C4D2BE77D3696F1B5B979B987A6802EC98C3DC59A7A185971EE5A95AA1FC2E7332FEDC82B94E4CF89A7B3ABBA0C766554757E7B5B9475E75D5954E53C5B5569F1A4ED76656AB311D1621F55185D47DD1F8D0E742FDDC06FEEBCB98C1897102405CFF5184B7C8535B3C46B9CC42264A3C58DAE332370E6C0CC6BBCBA350C476A48A40E226F5503213F2E1DAB956BD000A8E4D90122546303C855AC2D56245F4750431665923DA8D14DBFF3C22C692EC9358E4FE73DA76028B4EA0EAECE605FE6A51A1B38B7F9F04E2F3E9C67CDF92A0092BEED70AB985D03C30D2EA68F9319CEB6E956140C85D6DECCCB30B0F4245586DACB53D43295ED35E4B2C76768B5120656AD2C469C799ED89EBE9A0FCFFA463986E7534BF2B7A4B6DC893FC1D012B4AF221712C0699850768218BA41E225330D22639ADD6F36F812B9A7EE1A4DD5492F235788DF6D8EBAF2A1E6AD5AAC3DE5EC45E242CE1E9B96F36D2ECD8A0C08A3C4F2B69DC6388D48736CD0B6BA4A08D751AAF1FE6845BA4B052A86FA63C8B85505698A65851D6B12356213436F465C5837845E66D2E8167BDB48764B0EB70FFBB2A7B10D19EF199A188452257D559C6AB43F92CCEAAA3872AC3F4A99D75561CAC1DDDA7A91DB55318AA11763E96DF7616F632F23BAE106DFBCF4698C5EE66D6B46568CF547A9676E55ACFA9717A3E63C6079848AB3987BB87AEDCB9E46B5556656C5A846FB2355A95715A91ADDBD5AEB11A1A95B35F26DD5A13AB18FB244486BB937CCD0D614492F155738F6D483B2FD60CA1A332E0F36BE567A78201A84594A63464501A2CCC6F7E5570FFC4D4B30E27F7D4A6987E53B408BF7C745ECDDDDE06204E3F914D7E1FCDF878108C4E71BCA201A8909A3F91F788A43107E544E3843245C00657941C83DDC3F38D4FA645E4ECF8A4769802D6F175BE3CACEAB5AA1906A67DD6A60F5D1EC15C9B6794C05FC2100F53E910CC14880CD4800EB89FB57B6E4C899FDFE295FB5E75C24DCCE8E9C7DE7EFAD36977C191AAEF7740C126D3040B4E6C67A2308B947897F8B92EF22B4FE5E451BDEECF11013D35A3D9EC5CC6B6D1E0920BCF5268F2FC366EB7D150F91B4ADABA21B67584FC597216BBD95E151C7546F577814583D4A1AE6BFD4B54D5ECCA4E1490AECCF55F0AC8A3CBB2DA1EFA2B8D9927CFD4C8BE4CF652579216F7785F05D584743DAF5F32C765785D20755A3871BDA9694DD920E7C925E875EFB74251AB6AE767BCDDF2C7135E4EF8CFF966829E5E72FF3891BDC88039D5F71CD95645BA5BFB1CE6F836EA8D936F500B4B600D8F09B2BA3B60E81C606011BB4B570BB93DE01A37EDC5A3ED6D55E2F1EBEA0DE80616CA9A656D5BB5E54F15FB7DA7A95A2ABE4DF298EED14F7CD241E7754CAFFB2713749C3650521729304FC9A8B2AE7CCC82296FE52A3484ED1C2F3336028E0FEEB3861E102F98C7FE642A599697E443815A9E7E8068219B948D92A659C65886E70ADB75A78DCB6FDB30E863ACDE38B55D672BB0D1638992167012E4876AA4ABA4F2D4FC30608E1CA8BD798D02513AFB2E5A6443A8F494FA0427CE50D740DD10A73307A41E6E81E1E421B37BDF7B044FE46E6629B41BA155117FBF82444CB0445B4C0A8D6F33FB90D07D1FACDFFDADAC039D2390000, N'6.1.3-40302')
INSERT [dbo].[__MigrationHistory] ([MigrationId], [ContextKey], [Model], [ProductVersion]) VALUES (N'201701050112275_update2', N'EntityHomework.Migrations.Configuration', 0x1F8B0800000000000400ED5B4B6FE33610BE17E87F10746A8BACE5642F6D60EF227536ADD1CD037176D1DB8291C68E108A52452AB551F497F5D09FD4BF50524F8AA45E89ED64178B5C128AF3715E1C0E6798FFFEF977F2761D60EB0162EA87646A1F8EC6B605C40D3D9FACA676C296AF7EB4DFBEF9F69BC93B2F585B1F8B79AFC53C4E49E8D4BE632C3A761CEADE4180E828F0DD38A4E1928DDC307090173A47E3F14FCEE1A1031CC2E6589635B94E08F30348FFE07FCE42E242C41284CF430F30CDC7F997458A6A5DA00068845C98DAEF3825DBFC1A06F06718DFDBD609F611E7620178695B88909021C6793CFE4061C1E290AC16111F40F86613019FB7449842CEFB7135BDAF18E3232186531116506E4259180C043C7C9DEBC551C91FA55DBBD41BD75CA6272175AABDA9FD73E2636156DB52173B9EE1584C54953B4AAD312A080FACFAE783D21FB8DB889F036B966096C4302590B018E103EB2AB9C5BEFB1B6C6EC27B205392602C73C9F9E4DF6A037CE82A0E2388D9E61A9639EF73CFB69C3A9DA3129664124D26D59CB0D747B675C11747B7184A279034B060610CBF00811831F0AE106310138101A9C8DAEADA5A62DED287B86BCD769CF7F000F86910DCEFE3F9E9108C8953F94AAB07FD0A7138D87B04D157CF693757E77AED1842C5E2B70285C7BD749F9FA3F57B202B7637B5F9AFB675E6AFC12B4672E40FC4E7D19E13B138E95CE88431E4DE3F8DD95358F203069E7D9FCC42582E4B8D717D61D8D63EB9061A26B19071E05E2908BFEE9766170C429E3BEC24BC89AD38D86482E8ABB91AD7BAF0DDFBBD84A62B4429D7BDB7FD852ED083BF4A95A12C59E445D4B6AE01A733E89D1F65B968EA189FA4296771185C8738F7B3EACBA7451E2B6E42E3E71B14AF80F5E74A1C06D0C252F15DE1271B3633937F1BCA4911CD5A9891A628FC945FCC2C559F4D5C356DF9134A43D74F3991F6BC64A5BA64EF8867B59B2C73B5421CEE6D7C9BFB11DFD87C717E9BB2D50D7C494E010303EBC4CD2E0933445DE4E94EC705F07A3253284062A64AF5EB0CFDA0ADC32309C4622B23CC2F6194C7269F303DECF8C4F523845BB5A150F50C5742D6125FFD720A111011695A25EFB3709115EB8B976B2806E8D2CCC491BCA98793E5FBAED5A8EA267C3EF752B6BCC4497609D89D5FD575B02FA7AACBDBDBA38C2BEFCBA3AAE0D96A4A43246DF72BDD9A8D8806FFA892DF3AEA78343A54A37483BC59F0E63A625C4310E732D7732CF115D6CC90AF7116F3948DE627BA2A8CC05900D38FF1EAD4D002A9A6913A4871AA6A08D976E9A0968E410DA0D2670788308D092033B1422C69BE8E20A72CD2247352A3BA7EE78159F25CB2AB6D9FCE734EC2907855035C5DC0BEC217666C90DC14C33BA3F8709995E02B0114FC6D475AC9ED1A046E08317D82CC70B1F5B0226148BCF616BE4803CB4852D5959DACB05C14A09D860AF4E41C459170B08A321FB11659397AF66A31BC561B64188E4B0D25DB92DB72257E05432B50BE8A0A8607677E4CD92962E816899BCCCC0BB469E6B8D9104B8A35D5D0A89BAE88320585F8DD14A8AB18AA9FAA39ED19172F1007727AD934EC6F9D346D0D208C62C3DD7616E22420CDB9411B7555C6ADA354E3FDD1F222950C940FF5C728F25619A42997157EAC6854CB4D34BB697961DD117AB9496358ECED23E92939DC3FCC64BBF18D22DFD32C3108A52AD5CA38D5687FA4A2162BE31463FD51CA6AAC0C530EEED7D7F38AAC8C910FBD184F6F3B0F7B3B7B99D10D77F866D2DD387D516DAD39593EF6628C92A5174F30489A210F3786996C3786A8EAA8324635DA1FA92A94CA48D5E8FECD5ACFDF74DBCA796AAB0DE5897D8C2512504394D713515D25BD4C5CE1980B05D2F283396BAC8F3CDAF95AF9E169A3E7A705883915ED82B276DE575E354DD73D41CBD6D529A51F9659BB929D4FF24CB9FB1189963A67536C8BCBFFE07B226D5E6C28836024268C167FE019F64144BD62C23922FE1228CBDA37F6D1F8F048798BF272DE8538947AD870D3303D0ED97B0FCA175AEDEC320D6CEEEAEF31D2659ED2657E0C40FD2D468AA095ABE6C483F5D4FE2B2539B6E6BF7FCAA80EACCB98FBD9B135B6FEDEEA038E2FC3C2F577138354EB0D50ADBEB0FAD8823CA0D8BD43F177015A7F2FA30D7F50F11817539E533C8B9BD79E52C480F0D61F527C193E5B7FBBD0ADE9612F17BE0C1DA90F069EB4BDD447014F02AB6737C3E28E4CDB147D741E76D2C67EAEB662D54AD96FA37A1F2DC49612E767DA8A7E2E2FC9DA65FB6B37EFC33B1A8A9B9F674BB96A473EAAE73BDCD1B664EC96A2DB4E5E14F45AA7AB40B075B39B3BEB7A23A9A1EEA6FD27414BC33CBB514F6DEF566CE8EC886BEED79AFAE98DDD7413744367B4A9D3DEDA6837E137F71F4D7DF8C636BC09DAD81EDD4B875EEBD2B6366955B3D75B742FA8033F4C2CD9D5AAAED28B6AB1AB5E5BEF057435D63BD5B19D16BA5E7CE3814AFA3F2F1E26A9BFAA20444D91805B0B51E59C39598645BC54382AA628E9F93930E4F1F87512337F895CC63F73A5D2D4353F229C889271700BDE9C5C262C4A181719825B5C7BC12C226EDBFAE93B813ACF93CB287DD8BA0D11389B3E17012E49BAAB4ABECF0C57C3060811CAF3DB98B02513B7B2D5A644BA08494FA05C7DE509740341843918BD240BF4008FE18DBBDE7B58217753D4509B41BA0D5157FBE4D447AB180534C7A8E8F99FDC87BD60FDE67FE59F52BBEE380000, N'6.1.3-40302')
INSERT [dbo].[__MigrationHistory] ([MigrationId], [ContextKey], [Model], [ProductVersion]) VALUES (N'201701050115530_update3', N'EntityHomework.Migrations.Configuration', 0x1F8B0800000000000400ED5B596FDC36107E2FD0FF20E8A92D9C95EDBCB4C66E02771D3746E3035E27E85B404BB36BC114A54A94B346D15FD687FEA4FE85923A291E3A76E52381E1179BE47C9C4BC3E170FCDF3FFF4EDFAE036CDD419CF82199D97B935DDB02E2869E4F56333BA5CB573FDB6FDF7CFFDDF49D17ACAD4FE5BAD77C1DA324C9CCBEA1343A709CC4BD81002593C077E330099774E2868183BCD0D9DFDDFDC5D9DB738041D80CCBB2A69729A17E00D91FECCF79485C88688AF069E8014E8A7136B3C850AD33144012211766F63B4649EFDF87017C09E35BDB3AC43E625C2C002F6D0B11125244198F071F1358D03824AB45C40610BEBA8F80AD5B229C40C1FB41BDBCAF18BBFB5C0CA7262CA1DC34A161301070EF75A1174726DF48BB76A537A6B95C4F5CEA4C7B33FBD7D4C7DCACB6256F7630C7315F282B779259635212EE58CDE99DCA1F98DBF09F1D6B9E629AC6302390D218E11DEB22BDC6BEFB3BDC5F85B7406624C558E492F1C9E61A036CE8220E2388E9FD252C0BDE4F3CDB729A748E4C58910934B9542784BEDEB7AD33B639BAC6503981A081050D63F80D08C488827781288598700CC844567697F6FA007780BBB61321A64E6D9F56ABBD87381C6C314EF4622DE35E2C34C4DDFBB5637015F3DF4A14166BB26FEB14AD3F0059D19B99CD7EB5AD637F0D5E3952207F243E8BB08C88C669E746879422F7763B668F60C9823A6C0732D8C755887908CB65A531A62F0C637D2797908469CC651CF8AD94842FDF8BD90583909DD70F12DEF8A738D8649CE8C55CC6BDCE7CF7F65142D3054A12A67B6FFC8DCED09DBFCA94216DF95B88BD539F308A4BC0D982E4C68FF2F42FF38BCFF58AE3380C2E435C785935F17951048AAB50377B85E215D0FE1CF1830012333FE5BCC44D3EACE7A5981BCA4919C95A98119648FC54337A96EAE9A15C5D855FC87BC4BE342353F50A89A77242CF5235ABE3C814800E932474FD8C0D2102D54ED314EA1DF1AC560FCADDBE9484793E0B397EC4820CDB7A66FFA468C904588A2000D6E97A13747732D9936515A4EA216CE191AD9CC9EED92EE89E2D47CD737204182858876E7E1B9AA3C4459EFAA5333B797D38D168284F8DBB54CEE236C43C7022CCAE99093B097C42D520EF13D78F1036EB4022E9793270092B7079E60822203CA89BE5EDB36B99CEAA3B571B483AEFD2C9508FAAC34AAB29353166CB0F480D4B02629D128EFD055511AB9539357C6D29AD12F1C60D1779C4640E41993B405C08DC4CB3F82CACA92665631C16595B521CEAB22C1C6701542A47B0A3A80ED58A308A429A20E5E1AA20E4B1A1835A380D1580DA793A40B8657400B985256241F34D04216D11D668F31AF92BEF3AA42A862B5E9540D1752C091082D9E448DE14AEAFE0A5090D62EB0EABCEE36AB8C8D229230094FC8D23ADE07206810DB1B44F341D2EB61A3F050C81D77184AF133D83ECFAB8DA23B20E975C89A55BFA78997056E1B3AE613B7911BB2C763B866AF7F4144511DFB5A62C46AC455EFA9EBF5A0CAF0B073986E3269AF270C56DB513BB7AA21548B3BC72E3C1B11F27F40851748DF80D6EEE05CA32FD616108A0E59EF279A05AAE0CAD2505FF5D773AD507879A3715B4C74CBC80A75CD9255B637495347B864018C59A3BFD3CC46940CCD99F99BA28A78900C5908A317524EE954C4FD19192653795DECB24C6D8DBDB1ED9313CDC167AB287B143993D8B08A68CDA8C529783459C7AB43F5259EF1571CAB1FE2855C55784A9061FC64B4D1845D557C428869E8DA7B71DBABD9DBD4A19873BBC99F4619CBEACE8369CAC187B3646C94FF22D0C92A5E0C38DA1277B1843D4B55A11A31EED8F54176345A47AF4F1CDDACC9554DB0A779E56130AEBFA988A677A9A18AFDC6A547DF4B26F05A32FB9089B0FE5CB5868DAD8EF5AD961D999E767958D9384BF4654A5F99ED2CAC9F0663E205C32DA9D4058B88D1728379E0DD55DE38CE507CA7DEE5939429BBCE378427D3B6C77847ADD367E20DFFF36547605339617C857DB67E5042DD276FB807243969754E7517553966EC4D3E276DADD24A65C57F325B6C5C4BFF33D7E555DDC271482095F3059FC89E7D8079EFD940B4E11F19790D0FCA9D8DEDFDDDB977ACD9E4FDF9793241ED6DCEE75CD5F4DA33DC27BB7CFB5DAF9A2BD4D2F4AB6C388DD56DF868A9A4D4ED9164ACDFE8478B09ED97F652407D6C91F9F73AA1DEB3C66DFC081B56BFDBD756714B943B17B83E21F02B4FE51441BDEFDD46D691541EA7DDA0462A0B7A9008DBEA718101EBDEBE9DBF0D966A3D188DFB59A197CB53A92BB7BB6FABCE40E9EADC01A77856161472035C59E3E1C3493D4612C88B4DBF0D0C89186B12090F6E760EC4E97FAED75A3D765E5A5658367EF8D5A365A4AFF0FD2A8D16B9F8E62C163F567F4E8F879AA1E9FFCA1FEF1BA7A1EC33D0CAF1E5F67E74EDD08B1516BCD93C583966AFCD3C583AEAAD16399BDB381E9E51418D1EA1D45A2D18DAE6FE4529FF06583E91BB45AFBB3F2BACACCF6AE7914CF731473FB84AE7DCBD8BCA5833634E3981ABB5AFBBA74F8E696175DDB97B1EB4B07ADED4B79E08630D984CD4687AE1E19A5ADE639B57C7532A7C932E40E8367D5D325FB6CF35DF8C96C3546CFD6D3B9E180AE2CB5B6CC22B0F06FCA2CFC27FEAA86E01573026E23F6566B4EC8322CCF0189A37289746D3C058A3C16980F63EA2F914BD934F3972453D0278453B6E45D700DDE09394F699452263204D7B8F1CF40FC2869DB3F6B3D6BF23C3D8FB27FC9184304C6A6CF44807392D9B6E2FB5853B83140F033AAA895705B525E3359DD57486721E90954A8AF3A5AAF208830034BCEC902DDC126BC31D7FB002BE4DE974F0466906E4334D53E3DF2D12A46415260D4F4EC4FE6C35EB07EF33F994D21E8AD3F0000, N'6.1.3-40302')
INSERT [dbo].[__MigrationHistory] ([MigrationId], [ContextKey], [Model], [ProductVersion]) VALUES (N'201701050125045_upd4', N'EntityHomework.Migrations.Configuration', 0x1F8B0800000000000400ED5CC96EDC4610BD07C83F103C25813C94E44B22CCD85046922DD85AA0918DDC8C1659332244362764531E21C897E5904FCA2FA49B6BAF5C66D3D8107C91BABBAAABEA15ABB727FFF7CFBFC3B78B30B01E214EFC088FEC83C1BE6D017623CFC7B3919D92E9AB5FEDB76F7EFC6178EA850BEB7339EE351B47257132B2EF09991F394EE2DE43889241E8BB719444533270A3D0415EE41CEEEFFFE61C1C384055D85497650D6F524CFC10B25FE8AFE308BB3027290A2E220F82A468A73D934CAB75894248E6C885917D4A25C9D3FB2884AF51FC605BC7818FA8151308A6B685308E0822D4C6A34F094C481CE1D9644E1B5070FB34073A6E8A82040ADB8FEAE15DDDD83F646E38B560A9CA4D1312853D151EBC2EE2E2C8E24B45D7AEE2462397C789799D456F64DF465FF17B1404B6254F76340E6236500EEE204363500AEE5962F75E950F346DD8BF3D6B9C06248D6184212531A212D7E95DE0BB1FE0E9367A003CC2299D9FB392DA49FB8406DA741D477388C9D30D4C0BDBCF3DDB7244394716ACC43899DCAB734C5E1FDAD6259D1CDD0550250117810989627807186244C0BB4684408C990EC85C566697E6FA088F10B44DD7ACE204A6F4C3833E4A864E0D7223F4EF218E7AC3CE845E2037CE45EB4BDC3E5FB30E1662F653A985162C5A776DEB022D3E029E91FB914D7FB4AD337F015ED95268FE847D5AA6A91089D3D6898E0941EEC3D61374231FCA3882E9B48A188D5700EBFA4EDE458177E163E8FDAD94822FDFCB26916751BE86F8264A71AF0FAF33FE37904469ECF6C7BF147CC1DF38D7714861231B818D95E2DE9031A117B88C735DFAEEC35696A66B942434F6DEFA27BA448FFE2C0B86BCEC66BBE01B08B2CEE4DE9FE7E7872C27BEE4BD677114DE4441915D59E39749511C6E23B9E716C533203D2CA00B3F240D3614FDB21559B3C18EBCAFAF25F97267B223EF95AC608D7A1BB29EBE1694B5B3211CDC10C996AA476F50DDADB3CA54608E932472FDCC12AEC2E489213A758A3DCB9825793A974ED08CA6A5C49FD3E241A71CD9BF2811D2292BCDE694D5E73851E1FE607020FBC779D2C5C13CEB9AAD9252B0D9C9035BAE8457F8040220601DBBF931798C121779EAD74BB1F1BA58A289507EDC690B37ADC510B3628882314D395ADD7D4CD4C2ED63D79FA3C01C0349A463B5671E56CAE59E1398036685DAEC6F9759CB238A3A73358114F3B698F4CDA8AC7E34A2281693153F19A1FE70CAEA7DFDBA3F99BA32351AA629532BBAAA56364E63BD8F5DDADFBC32D224203405202E7C16B74BAC171644B3F5A22616BBAFA4589C6567989E09106145AEABB152EA946048F2C57AA968C84B418B749E1A8A6C9D352DF2DCF2A428A9A16851C250D529C8B34312E640133514BB17AE5FD9DAC8C5A0690DAB8CACEC536A49D3AAC5896B6174443F3AFB58A06DF252B38CB52E644B782AAE3FBCAF857DEBF1364F4183AF6A816D29B1FDFD148A2A27AEFD3496F491FB820C8E1A0A6D9752DBDF65B5B8723A385B3B3B5FEE34AB7A5ABF7038F91347F914E218DE428617683EA70723EE6DA468B126F9C3C8F8D5A4FFAB4198EB70DC44F37850595BCD44CF946806522FBB92F3E0CC8F13728208BA43EC6836F64265987EF53094C5724E6E8150512B6B653998FDAC5BA9EA9544DD3715B267D4B3906DB9B2833387B759347B9F42018A35E7F47114A42136EFFECCD2C54519AFA068EAAEA3BAABE5B5548DAA9EA1234541D9312AB15676EB226EDD503555EACEB866EB7B7F4CF5629BC1B3DC85F31A4C3B73B396FAA980D753B776D754BE05F07ACAB6CD65D826B3BD7811E075144D3B93E98675BA739E577BD1FEB96E16DDDDFA25DEF4F3AAC49E9DC1B7697BD219E4EAACD01F64B3E866402E6FF3852252B4ED0C28F96E6F0540B2B3577F30F4629B01A2BEA7E775D4ADDD35D517F1BCA6BA75FBB08ADB6915DBE2B0DB085F31A60B44EC14A059BB8523AD1A834E98662AF45771DCA47DEC315E3E2E9D638DA6D0CDBAE767975FE7097B75AA9E603A78299F8B96C33A3F6E36639D8F59056BFEB0BB646C3315EBC29A3FBBEF14D6062FD7833577C46E069C1BB80AEACA797FC950D77AD685BF729BB15349D0E46F7B26289722F2906A7DA92E47A44B90617121D1CE1A556E28F221B645FD7FF43D763B31794A088403366030F93318073EB0DD4C39E002617F0A09C99FFDEDC3FD8343897CBA3B44502749BC4073A1A363838AA06D81BBE0B3A8B6B21356E1956533ACC66E6B57D18F7CF97D4459E43C6653284F3FE7D883C5C8FE2B1339B2CEFFF8924BED595731FD8C8EAC7DEBEF958992F811C5EE3D8A7F0AD1E2675E5B7F32E456926503092BD0206340C1DA4990DF47CEAE1C681DEB708DE5417F72FF66C32DD2FCD61827753FF7CDC648E6D6AD54CD64FEDC4ACAAA135CBF0A5F88994A7C9799ABF344BF990BB155661637B1FDA6E765BBDBB04EDE594D91588A2266C96F9F4B3053962252353CC86D843ED5699E866B9A6D31A63A70F09E8B75977369B6C7B3DB466A18DE0FBF392E5DCD555A8AF6F66C65A0E15DEBF9CA40C30DDEB6C06EE715D6C4B2A5887FCF8678C323D7F321DE7671B776D8F5F44A95472323267206EB75BE813A99DF748D6CEF8E55EF7C4F52F6AA1C261DB3D2C8ABD4A93690DF64BD756D6AE05DEAF497BDED53D41F43032B53378599E1A5236D1A399B3AD55A02DA86E89C7276886CA636129CC29BDB25F666AB719A8D8B4CFFD9017AA6FC11887C8D6743683D6C4CF9F313790A9B74AE07DB527D40A0459DFBCF29E89292F8B35A057B17C1E00AE5BC1A738EA751B9B648169543E4532F10E4D15A7F1C137F8A5C42BB695093EC0FE03EA320A5434EC33BF0CEF1554AE629A12E437817087FBDC756A7A6F9334AA968F3F06A9EFD99D53A5CA066FAD405B8C2BFA77EE055769F69EE7A0C2AD8B2575CAF302C09BB66993D559A2E23F96330292AC257ADD6B710CE03AA2CB9C213F408CBD84653EF23CC90FB54BE039995B40321867D78E2A3598CC2A4D051CBD35F690E7BE1E2CDFF0A601F16A3450000, N'6.1.3-40302')
INSERT [dbo].[__MigrationHistory] ([MigrationId], [ContextKey], [Model], [ProductVersion]) VALUES (N'201701050244404_refresh', N'EntityHomework.Migrations.Configuration', 0x1F8B0800000000000400ED5CC96EDC4610BD07C83F103C25813C94E44B22CCD85046922DD85AA0918DDC8C1659332244362764531E21C897E5904FCA2FA49B6BAF5C66D3D8107C91BABBAAABEA15ABB727FFF7CFBFC3B78B30B01E214EFC088FEC83C1BE6D017623CFC7B3919D92E9AB5FEDB76F7EFC6178EA850BEB7339EE351B47257132B2EF09991F394EE2DE43889241E8BB719444533270A3D0415EE41CEEEFFFE61C1C384055D85497650D6F524CFC10B25FE8AFE308BB3027290A2E220F82A468A73D934CAB75894248E6C885917D4A25C9D3FB2884AF51FC605BC7818FA8151308A6B685308E0822D4C6A34F094C481CE1D9644E1B5070FB34073A6E8A82040ADB8FEAE15DDDD83F646E38B560A9CA4D1312853D151EBC2EE2E2C8E24B45D7AEE2462397C789799D456F64DF465FF17B1404B6254F76340E6236500EEE204363500AEE5962F75E950F346DD8BF3D6B9C06248D6184212531A212D7E95DE0BB1FE0E9367A003CC2299D9FB392DA49FB8406DA741D477388C9D30D4C0BDBCF3DDB7244394716ACC43899DCAB734C5E1FDAD6259D1CDD0550250117810989627807186244C0BB4684408C990EC85C566697E6FA088F10B44DD7ACE204A6F4C3833E4A864E0D7223F4EF218E7AC3CE845E2037CE45EB4BDC3E5FB30E1662F653A985162C5A776DEB022D3E029E91FB914D7FB4AD337F015ED95268FE847D5AA6A91089D3D6898E0941EEC3D61374231FCA3882E9B48A188D5700EBFA4EDE458177E163E8FDAD94822FDFCB26916751BE86F8264A71AF0FAF33FE37904469ECF6C7BF147CC1DF38D7714861231B818D95E2DE9031A117B88C735DFAEEC35696A66B942434F6DEFA27BA448FFE2C0B86BCEC66BBE01B08B2CEE4DE9FE7E7872C27BEE4BD677114DE4441915D59E39749511C6E23B9E716C533203D2CA00B3F240D3614FDB21559B3C18EBCAFAF25F97267B223EF95AC608D7A1BB29EBE1694B5B3211CDC10C996AA476F50DDADB3CA54608E932472FDCC12AEC2E489213A758A3DCB9825793A974ED08CA6A5C49FD3E241A71CD9BF2811D2292BCDE694D5E73851E1FE607020FBC779D2C5C13CEB9AAD9252B0D9C9035BAE8457F8040220601DBBF931798C121779EAD74BB1F1BA58A289507EDC690B37ADC510B3628882314D395ADD7D4CD4C2ED63D79FA3C01C0349A463B5671E56CAE59E1398036685DAEC6F9759CB238A3A73358114F3B698F4CDA8AC7E34A2281693153F19A1FE70CAEA7DFDBA3F99BA32351AA629532BBAAA56364E63BD8F5DDADFBC32D224203405202E7C16B74BAC171644B3F5A22616BBAFA4589C6567989E09106145AEABB152EA946048F2C57AA968C84B418B749E1A8A6C9D352DF2DCF2A428A9A16851C250D529C8B34312E640133514BB17AE5FD9DAC8C5A0690DAB8CACEC536A49D3AAC5896B6174443F3AFB58A06DF252B38CB52E644B782AAE3FBCAF857DEBF1364F4183AF6A816D29B1FDFD148A2A27AEFD3496F491FB820C8E1A0A6D9752DBDF65B5B8723A385B3B3B5FEE34AB7A5ABF7038F91347F914E218DE428617683EA70723EE6DA468B126F9C3C8F8D5A4FFAB4198EB70DC44F37850595BCD44CF946806522FBB92F3E0CC8F13728208BA43EC6836F64265987EF53094C5724E6E8150512B6B653998FDAC5BA9EA9544DD3715B267D4B3906DB9B2833387B759347B9F42018A35E7F47114A42136EFFECCD2C54519AFA068EAAEA3BAABE5B5548DAA9EA1234541D9312AB15676EB226EDD503555EACEB866EB7B7F4CF5629BC1B3DC85F31A4C3B73B396FAA980D753B776D754BE05F07ACAB6CD65D826B3BD7811E075144D3B93E98675BA739E577BD1FEB96E16DDDDFA25DEF4F3AAC49E9DC1B7697BD219E4EAACD01F64B3E866402E6FF3852252B4ED0C28F96E6F0540B2B3577F30F4629B01A2BEA7E775D4ADDD35D517F1BCA6BA75FBB08ADB6915DBE2B0DB085F31A60B44EC14A059BB8523AD1A834E98662AF45771DCA47DEC315E3E2E9D638DA6D0CDBAE767975FE7097B75AA9E603A78299F8B96C33A3F6E36639D8F59056BFEB0BB646C3315EBC29A3FBBEF14D6062FD7833577C46E069C1BB80AEACA797FC950D77AD685BF729BB15349D0E46F7B26289722F2906A7DA92E47A44B90617121D1CE1A556E28F221B645FD7FF43D763B31794A088403366030F93318073EB0DD4C39E002617F0A09C99FFDEDC3FD8343897CBA3B44502749BC4073A1A363838AA06D81BBE0B3A8B6B21356E1956533ACC66E6B57D18F7CF97D4459E43C6653284F3FE7D883C5C8FE2B1339B2CEFFF8924BED595731FD8C8EAC7DEBEF958992F811C5EE3D8A7F0AD1E2675E5B7F32E456926503092BD0206340C1DA4990DF47CEAE1C681DEB708DE5417F72FF66C32DD2FCD61827753FF7CDC648E6D6AD54CD64FEDC4ACAAA135CBF0A5F88994A7C9799ABF344BF990BB155661637B1FDA6E765BBDBB04EDE594D91588A2266C96F9F4B3053962252353CC86D843ED5699E866B9A6D31A63A70F09E8B75977369B6C7B3DB466A18DE0FBF392E5DCD555A8AF6F66C65A0E15DEBF9CA40C30DDEB6C06EE715D6C4B2A5887FCF8678C323D7F321DE7671B776D8F5F44A95472323267206EB75BE813A99DF748D6CEF8E55EF7C4F52F6AA1C261DB3D2C8ABD4A93690DF64BD756D6AE05DEAF497BDED53D41F43032B53378599E1A5236D1A399B3AD55A02DA86E89C7276886CA636129CC29BDB25F666AB719A8D8B4CFFD9017AA6FC11887C8D6743683D6C4CF9F313790A9B74AE07DB527D40A0459DFBCF29E89292F8B35A057B17C1E00AE5BC1A738EA751B9B648169543E4532F10E4D15A7F1C137F8A5C42BB695093EC0FE03EA320A5434EC33BF0CEF1554AE629A12E437817087FBDC756A7A6F9334AA968F3F06A9EFD99D53A5CA066FAD405B8C2BFA77EE055769F69EE7A0C2AD8B2575CAF302C09BB66993D559A2E23F96330292AC257ADD6B710CE03AA2CB9C213F408CBD84653EF23CC90FB54BE039995B40321867D78E2A3598CC2A4D051CBD35F690E7BE1E2CDFF0A601F16A3450000, N'6.1.3-40302')
SET IDENTITY_INSERT [dbo].[GoldMines] ON 

INSERT [dbo].[GoldMines] ([Id], [Level], [GoldPerRound]) VALUES (1, 1, 250)
INSERT [dbo].[GoldMines] ([Id], [Level], [GoldPerRound]) VALUES (2, 1, 250)
INSERT [dbo].[GoldMines] ([Id], [Level], [GoldPerRound]) VALUES (3, 21, 8165)
INSERT [dbo].[GoldMines] ([Id], [Level], [GoldPerRound]) VALUES (4, 6, 1340)
INSERT [dbo].[GoldMines] ([Id], [Level], [GoldPerRound]) VALUES (5, 1, 250)
INSERT [dbo].[GoldMines] ([Id], [Level], [GoldPerRound]) VALUES (6, 34, 15595)
INSERT [dbo].[GoldMines] ([Id], [Level], [GoldPerRound]) VALUES (7, 1, 250)
INSERT [dbo].[GoldMines] ([Id], [Level], [GoldPerRound]) VALUES (8, 3, 410)
SET IDENTITY_INSERT [dbo].[GoldMines] OFF
SET IDENTITY_INSERT [dbo].[Heroes] ON 

INSERT [dbo].[Heroes] ([Id], [UserId], [HeroName], [Attack], [Defence], [Level], [Coeff]) VALUES (4, 6, N'Raskolnikov', 99, 107, 18, 4)
INSERT [dbo].[Heroes] ([Id], [UserId], [HeroName], [Attack], [Defence], [Level], [Coeff]) VALUES (5, 7, N'Pieseł', 39, 34, 1, 3)
INSERT [dbo].[Heroes] ([Id], [UserId], [HeroName], [Attack], [Defence], [Level], [Coeff]) VALUES (6, 8, N'Żyrafa', 53, 54, 1, 6)
SET IDENTITY_INSERT [dbo].[Heroes] OFF
SET IDENTITY_INSERT [dbo].[Resources] ON 

INSERT [dbo].[Resources] ([Id], [Amount]) VALUES (1, 6600)
INSERT [dbo].[Resources] ([Id], [Amount]) VALUES (2, 4800)
INSERT [dbo].[Resources] ([Id], [Amount]) VALUES (3, 23025)
INSERT [dbo].[Resources] ([Id], [Amount]) VALUES (4, 44430)
INSERT [dbo].[Resources] ([Id], [Amount]) VALUES (5, 400)
INSERT [dbo].[Resources] ([Id], [Amount]) VALUES (6, 104795)
INSERT [dbo].[Resources] ([Id], [Amount]) VALUES (7, 775)
INSERT [dbo].[Resources] ([Id], [Amount]) VALUES (8, 140)
SET IDENTITY_INSERT [dbo].[Resources] OFF
SET IDENTITY_INSERT [dbo].[TownHalls] ON 

INSERT [dbo].[TownHalls] ([Id], [Level], [Defence]) VALUES (1, 1, 10)
INSERT [dbo].[TownHalls] ([Id], [Level], [Defence]) VALUES (2, 1, 10)
INSERT [dbo].[TownHalls] ([Id], [Level], [Defence]) VALUES (3, 16, 368)
INSERT [dbo].[TownHalls] ([Id], [Level], [Defence]) VALUES (4, 15, 345)
INSERT [dbo].[TownHalls] ([Id], [Level], [Defence]) VALUES (5, 1, 10)
INSERT [dbo].[TownHalls] ([Id], [Level], [Defence]) VALUES (6, 30, 690)
INSERT [dbo].[TownHalls] ([Id], [Level], [Defence]) VALUES (7, 3, 69)
INSERT [dbo].[TownHalls] ([Id], [Level], [Defence]) VALUES (8, 2, 46)
SET IDENTITY_INSERT [dbo].[TownHalls] OFF
SET IDENTITY_INSERT [dbo].[Users] ON 

INSERT [dbo].[Users] ([Id], [NickName], [Password], [Resources_Id], [Hall_Id], [Mine_Id]) VALUES (6, N'macck', N'test', 6, 6, 6)
INSERT [dbo].[Users] ([Id], [NickName], [Password], [Resources_Id], [Hall_Id], [Mine_Id]) VALUES (7, N'aniel', N'test', 7, 7, 7)
INSERT [dbo].[Users] ([Id], [NickName], [Password], [Resources_Id], [Hall_Id], [Mine_Id]) VALUES (8, N'halinka', N'test', 8, 8, 8)
SET IDENTITY_INSERT [dbo].[Users] OFF
/****** Object:  Index [IX_UserId]    Script Date: 2017-01-07 02:43:48 ******/
CREATE NONCLUSTERED INDEX [IX_UserId] ON [dbo].[Heroes]
(
	[UserId] ASC
)WITH (PAD_INDEX = OFF, STATISTICS_NORECOMPUTE = OFF, SORT_IN_TEMPDB = OFF, DROP_EXISTING = OFF, ONLINE = OFF, ALLOW_ROW_LOCKS = ON, ALLOW_PAGE_LOCKS = ON) ON [PRIMARY]
GO
/****** Object:  Index [IX_Hall_Id]    Script Date: 2017-01-07 02:43:48 ******/
CREATE NONCLUSTERED INDEX [IX_Hall_Id] ON [dbo].[Users]
(
	[Hall_Id] ASC
)WITH (PAD_INDEX = OFF, STATISTICS_NORECOMPUTE = OFF, SORT_IN_TEMPDB = OFF, DROP_EXISTING = OFF, ONLINE = OFF, ALLOW_ROW_LOCKS = ON, ALLOW_PAGE_LOCKS = ON) ON [PRIMARY]
GO
/****** Object:  Index [IX_Mine_Id]    Script Date: 2017-01-07 02:43:48 ******/
CREATE NONCLUSTERED INDEX [IX_Mine_Id] ON [dbo].[Users]
(
	[Mine_Id] ASC
)WITH (PAD_INDEX = OFF, STATISTICS_NORECOMPUTE = OFF, SORT_IN_TEMPDB = OFF, DROP_EXISTING = OFF, ONLINE = OFF, ALLOW_ROW_LOCKS = ON, ALLOW_PAGE_LOCKS = ON) ON [PRIMARY]
GO
/****** Object:  Index [IX_Resources_Id]    Script Date: 2017-01-07 02:43:48 ******/
CREATE NONCLUSTERED INDEX [IX_Resources_Id] ON [dbo].[Users]
(
	[Resources_Id] ASC
)WITH (PAD_INDEX = OFF, STATISTICS_NORECOMPUTE = OFF, SORT_IN_TEMPDB = OFF, DROP_EXISTING = OFF, ONLINE = OFF, ALLOW_ROW_LOCKS = ON, ALLOW_PAGE_LOCKS = ON) ON [PRIMARY]
GO
ALTER TABLE [dbo].[Heroes]  WITH CHECK ADD  CONSTRAINT [FK_dbo.Heroes_dbo.Users_UserId] FOREIGN KEY([UserId])
REFERENCES [dbo].[Users] ([Id])
ON DELETE CASCADE
GO
ALTER TABLE [dbo].[Heroes] CHECK CONSTRAINT [FK_dbo.Heroes_dbo.Users_UserId]
GO
ALTER TABLE [dbo].[Users]  WITH CHECK ADD  CONSTRAINT [FK_dbo.Users_dbo.GoldMines_Mine_Id] FOREIGN KEY([Mine_Id])
REFERENCES [dbo].[GoldMines] ([Id])
GO
ALTER TABLE [dbo].[Users] CHECK CONSTRAINT [FK_dbo.Users_dbo.GoldMines_Mine_Id]
GO
ALTER TABLE [dbo].[Users]  WITH CHECK ADD  CONSTRAINT [FK_dbo.Users_dbo.Resources_Resources_Id] FOREIGN KEY([Resources_Id])
REFERENCES [dbo].[Resources] ([Id])
GO
ALTER TABLE [dbo].[Users] CHECK CONSTRAINT [FK_dbo.Users_dbo.Resources_Resources_Id]
GO
ALTER TABLE [dbo].[Users]  WITH CHECK ADD  CONSTRAINT [FK_dbo.Users_dbo.TownHalls_Hall_Id] FOREIGN KEY([Hall_Id])
REFERENCES [dbo].[TownHalls] ([Id])
GO
ALTER TABLE [dbo].[Users] CHECK CONSTRAINT [FK_dbo.Users_dbo.TownHalls_Hall_Id]
GO
USE [master]
GO
ALTER DATABASE [GameDatabase] SET  READ_WRITE 
GO
