USE [master]
GO
/****** Object:  Database [WebApiHomework]    Script Date: 2017-01-10 01:32:15 ******/
CREATE DATABASE [WebApiHomework]
 CONTAINMENT = NONE
 ON  PRIMARY 
( NAME = N'WebApiHomework', FILENAME = N'C:\Program Files\Microsoft SQL Server\MSSQL12.SQLEXPRESS\MSSQL\DATA\WebApiHomework.mdf' , SIZE = 4288KB , MAXSIZE = UNLIMITED, FILEGROWTH = 1024KB )
 LOG ON 
( NAME = N'WebApiHomework_log', FILENAME = N'C:\Program Files\Microsoft SQL Server\MSSQL12.SQLEXPRESS\MSSQL\DATA\WebApiHomework_log.ldf' , SIZE = 1072KB , MAXSIZE = 2048GB , FILEGROWTH = 10%)
GO
ALTER DATABASE [WebApiHomework] SET COMPATIBILITY_LEVEL = 120
GO
IF (1 = FULLTEXTSERVICEPROPERTY('IsFullTextInstalled'))
begin
EXEC [WebApiHomework].[dbo].[sp_fulltext_database] @action = 'enable'
end
GO
ALTER DATABASE [WebApiHomework] SET ANSI_NULL_DEFAULT OFF 
GO
ALTER DATABASE [WebApiHomework] SET ANSI_NULLS OFF 
GO
ALTER DATABASE [WebApiHomework] SET ANSI_PADDING OFF 
GO
ALTER DATABASE [WebApiHomework] SET ANSI_WARNINGS OFF 
GO
ALTER DATABASE [WebApiHomework] SET ARITHABORT OFF 
GO
ALTER DATABASE [WebApiHomework] SET AUTO_CLOSE ON 
GO
ALTER DATABASE [WebApiHomework] SET AUTO_SHRINK OFF 
GO
ALTER DATABASE [WebApiHomework] SET AUTO_UPDATE_STATISTICS ON 
GO
ALTER DATABASE [WebApiHomework] SET CURSOR_CLOSE_ON_COMMIT OFF 
GO
ALTER DATABASE [WebApiHomework] SET CURSOR_DEFAULT  GLOBAL 
GO
ALTER DATABASE [WebApiHomework] SET CONCAT_NULL_YIELDS_NULL OFF 
GO
ALTER DATABASE [WebApiHomework] SET NUMERIC_ROUNDABORT OFF 
GO
ALTER DATABASE [WebApiHomework] SET QUOTED_IDENTIFIER OFF 
GO
ALTER DATABASE [WebApiHomework] SET RECURSIVE_TRIGGERS OFF 
GO
ALTER DATABASE [WebApiHomework] SET  ENABLE_BROKER 
GO
ALTER DATABASE [WebApiHomework] SET AUTO_UPDATE_STATISTICS_ASYNC OFF 
GO
ALTER DATABASE [WebApiHomework] SET DATE_CORRELATION_OPTIMIZATION OFF 
GO
ALTER DATABASE [WebApiHomework] SET TRUSTWORTHY OFF 
GO
ALTER DATABASE [WebApiHomework] SET ALLOW_SNAPSHOT_ISOLATION OFF 
GO
ALTER DATABASE [WebApiHomework] SET PARAMETERIZATION SIMPLE 
GO
ALTER DATABASE [WebApiHomework] SET READ_COMMITTED_SNAPSHOT ON 
GO
ALTER DATABASE [WebApiHomework] SET HONOR_BROKER_PRIORITY OFF 
GO
ALTER DATABASE [WebApiHomework] SET RECOVERY SIMPLE 
GO
ALTER DATABASE [WebApiHomework] SET  MULTI_USER 
GO
ALTER DATABASE [WebApiHomework] SET PAGE_VERIFY CHECKSUM  
GO
ALTER DATABASE [WebApiHomework] SET DB_CHAINING OFF 
GO
ALTER DATABASE [WebApiHomework] SET FILESTREAM( NON_TRANSACTED_ACCESS = OFF ) 
GO
ALTER DATABASE [WebApiHomework] SET TARGET_RECOVERY_TIME = 0 SECONDS 
GO
ALTER DATABASE [WebApiHomework] SET DELAYED_DURABILITY = DISABLED 
GO
USE [WebApiHomework]
GO
/****** Object:  Table [dbo].[__MigrationHistory]    Script Date: 2017-01-10 01:32:15 ******/
SET ANSI_NULLS ON
GO
SET QUOTED_IDENTIFIER ON
GO
SET ANSI_PADDING ON
GO
CREATE TABLE [dbo].[__MigrationHistory](
	[MigrationId] [nvarchar](150) NOT NULL,
	[ContextKey] [nvarchar](300) NOT NULL,
	[Model] [varbinary](max) NOT NULL,
	[ProductVersion] [nvarchar](32) NOT NULL,
 CONSTRAINT [PK_dbo.__MigrationHistory] PRIMARY KEY CLUSTERED 
(
	[MigrationId] ASC,
	[ContextKey] ASC
)WITH (PAD_INDEX = OFF, STATISTICS_NORECOMPUTE = OFF, IGNORE_DUP_KEY = OFF, ALLOW_ROW_LOCKS = ON, ALLOW_PAGE_LOCKS = ON) ON [PRIMARY]
) ON [PRIMARY] TEXTIMAGE_ON [PRIMARY]

GO
SET ANSI_PADDING OFF
GO
/****** Object:  Table [dbo].[Orders]    Script Date: 2017-01-10 01:32:15 ******/
SET ANSI_NULLS ON
GO
SET QUOTED_IDENTIFIER ON
GO
CREATE TABLE [dbo].[Orders](
	[Id] [int] IDENTITY(1,1) NOT NULL,
	[UserId] [int] NOT NULL,
	[IsAccepted] [bit] NOT NULL,
	[Order_Id] [int] NULL,
 CONSTRAINT [PK_dbo.Orders] PRIMARY KEY CLUSTERED 
(
	[Id] ASC
)WITH (PAD_INDEX = OFF, STATISTICS_NORECOMPUTE = OFF, IGNORE_DUP_KEY = OFF, ALLOW_ROW_LOCKS = ON, ALLOW_PAGE_LOCKS = ON) ON [PRIMARY]
) ON [PRIMARY]

GO
/****** Object:  Table [dbo].[ProductOrders]    Script Date: 2017-01-10 01:32:15 ******/
SET ANSI_NULLS ON
GO
SET QUOTED_IDENTIFIER ON
GO
CREATE TABLE [dbo].[ProductOrders](
	[Product_Id] [int] NOT NULL,
	[Id] [int] IDENTITY(1,1) NOT NULL,
	[Quantity] [int] NOT NULL DEFAULT ((0)),
	[Order_Id] [int] NULL,
 CONSTRAINT [PK_dbo.ProductOrders] PRIMARY KEY CLUSTERED 
(
	[Id] ASC
)WITH (PAD_INDEX = OFF, STATISTICS_NORECOMPUTE = OFF, IGNORE_DUP_KEY = OFF, ALLOW_ROW_LOCKS = ON, ALLOW_PAGE_LOCKS = ON) ON [PRIMARY]
) ON [PRIMARY]

GO
/****** Object:  Table [dbo].[Products]    Script Date: 2017-01-10 01:32:15 ******/
SET ANSI_NULLS ON
GO
SET QUOTED_IDENTIFIER ON
GO
CREATE TABLE [dbo].[Products](
	[Id] [int] IDENTITY(1,1) NOT NULL,
	[Name] [nvarchar](max) NOT NULL,
	[Price] [int] NOT NULL,
 CONSTRAINT [PK_dbo.Products] PRIMARY KEY CLUSTERED 
(
	[Id] ASC
)WITH (PAD_INDEX = OFF, STATISTICS_NORECOMPUTE = OFF, IGNORE_DUP_KEY = OFF, ALLOW_ROW_LOCKS = ON, ALLOW_PAGE_LOCKS = ON) ON [PRIMARY]
) ON [PRIMARY] TEXTIMAGE_ON [PRIMARY]

GO
/****** Object:  Table [dbo].[Users]    Script Date: 2017-01-10 01:32:15 ******/
SET ANSI_NULLS ON
GO
SET QUOTED_IDENTIFIER ON
GO
CREATE TABLE [dbo].[Users](
	[Id] [int] IDENTITY(1,1) NOT NULL,
	[Username] [nvarchar](max) NOT NULL,
	[Password] [nvarchar](max) NOT NULL,
	[Email] [nvarchar](max) NOT NULL,
	[Name] [nvarchar](max) NOT NULL,
	[Surname] [nvarchar](max) NOT NULL,
 CONSTRAINT [PK_dbo.Users] PRIMARY KEY CLUSTERED 
(
	[Id] ASC
)WITH (PAD_INDEX = OFF, STATISTICS_NORECOMPUTE = OFF, IGNORE_DUP_KEY = OFF, ALLOW_ROW_LOCKS = ON, ALLOW_PAGE_LOCKS = ON) ON [PRIMARY]
) ON [PRIMARY] TEXTIMAGE_ON [PRIMARY]

GO
INSERT [dbo].[__MigrationHistory] ([MigrationId], [ContextKey], [Model], [ProductVersion]) VALUES (N'201701082233445_init', N'WebDatabase.Migrations.Configuration', 0x1F8B0800000000000400CD554D4FDB4010BD57EA7FB0F64E36814B8B1C104DA0426A488529F7C51E9B55F7AB9E31C2BFAD87FEA4FE85CE2676124281807AE8717767DFBC79F376F6F7CF5FE9F1BD35C91DD4A8BD1B8BD160281270B92FB4ABC6A2A172EF83383E7AFF2E3D2DEC7D72DDC71DC438BEE9702C6E89C2A19498DF825538B03AAF3DFA9206B9B752155EEE0F871FE568248121046325497AD938D216160B5E4EBCCB2150A3CCCC1760B0DBE7936C819A5C280B18540E63716A03B52239315A71F20C4C2912E59C27454CEDF01B4246B5775516784399AB3600C795CA2074940FD7E1BBB21FEE47F6727DB187CA1B246F5F09383AE8E490DBD7DF24AA58C9C5829DB2B0D4B2A0A4B4837AA1DC58C435DCD3C42844916C678DA24D4CDD494575C34AC9750FE4B2097DB3E413DD4A672A04B6CD46F7BA9D245BB66EB297BDBE40BBC490393E57E72A13F95A55B0751A0528E04CD7485345EA46452F4C0AFB97B04D9D3635E812AC44D82A36ED12BFECDF474C962122F95AFB3B5D4416598B0476100306D90F33311A1CAD0366CAE91290AEFC7760C3B19FF6B7DEC3FFE34D8958989D0CFAA83FCF38F0B1D8A9DC1C29E91450578CBE31601CE4B18A35681F73EE4ACFD206A8A9CD8036B9F621FD71477606A40AE67952932E554E7C9C0322DB4124D7CA348B297503C5B99B37141A3A41047B63DA87353D9F7FF1CC1E724EE721AEF05F94C03435970073F7A9D1A658F13E5BCE49B903446CD967E0FD853B78E8325CD5AE902EBCDB11A8936F0A015CC14EBF021B0C83E1DC65EA0EDEC28D07DA17A854DEF66FE66990971BF150F674AA55552B8B1DC6FA7EFC2665FC278FFE00B7CF4A4B59070000, N'6.1.3-40302')
INSERT [dbo].[__MigrationHistory] ([MigrationId], [ContextKey], [Model], [ProductVersion]) VALUES (N'201701082256209_init1', N'WebDatabase.Migrations.Configuration', 0x1F8B0800000000000400ED5BDB6EE336107D2FD07F10F4D416592BC9BEB481BD8BAC9314413717C4D96DDF025A1A3B44294AA5A8D446D12FEB433FA9BF50EA464914A98BED3869B1586091509CE1DC78861C4EFEF9EBEFF1FB954FAC2760110EE8C43E1A1DDA165037F0305D4EEC982FDE7C6FBF7FF7F557E373CF5F599F8B796F937982924613FB91F3F0C47122F7117C148D7CECB2200A167CE406BE83BCC0393E3CFCC1393A7240B0B0052FCB1ADFC594631FD25FC4AFD380BA10F21891ABC00312E5E3E2CB2CE56A5D231FA210B930B14F437C86389AA30846D96CDB3A25180949664016B685280D38E242CE934F11CC380BE872168A0144EED72188790B4422C8E53F29A7F755E5F03851C529090B566E1CF1C01FC8F0E86D6E1B4725DFC8C2B6B49DB0DEB9B0325F275AA7169CD837CC03665BEA4A2753C292593AEB8E529A03EB6798175F0E6420887849FE1D58D398F098C18442CC192207D66D3C27D8FD09D6F7C1AF40273426A42A9A104E7CAB0D88A15B1684C0F8FA0E16B9C0979E6D39753A47259464159A4C9B4BCADF1EDBD6B5581CCD0948CF57349FF180C18F4081210EDE2DE21C184D78406ABBC6EACA5A22C258F77AED3C2EA35337097F907C3E04010144BB395DA327BC4C1551788A5FBDD8155BE30E48FA3D7AC461B64332873EC819172CF0EF02524447F1E16116C4CC154BDE07BAAFF7882D81D7051A3B65C0B58661C6840F0CC49CEA4B28EAD74AFE2F5613A82700DCB6AED0EA23D0257F9CD8E247E16BBC02AF18C925F844B1C07B41C4590C8383F796611786C47FEF2049B6D6C0084948BE84877EADC436F465420445D1EF01F3F6BFF2B98F30D9FFB22FB31367F1BEFC6BCC3A6740B0384BAE4F3D8F813EF92461F8A0CE2B5390E6732311E9E6E8D2519BA469326B91B0F8AE48960DEB25CABF6D9518336DA281B097537D413EFD5AD340DC36D8FA057624679084C2BED79DA646D93BCC07114764174781D3280A5C9CFABEBA5DE591B52EC639F5ACD6F36B660779F215B6101B018722F4C5DA13FB70343A6AE866625AECEE0A537998ADB3FD4ED5B5A255BBB23A883449D78A97A58CD959AA55C04EB61AD5255CD5391FD92A68DC50C10C3858A76E76319EA2C8455E33A64444785B582D87ED56B5540C6FB7D2EE74314AA231AC36509B0E13180C2C014144A622870954C79437011B53178788988DA090F444F94445C95CFD720621D004A0CD0AF759B5B85F3757960B2846EFB28931A4322C12345C500093C9837258F12941DAB42CE4CB337394C3A6EAF184E90CB872EE2881AFEEF1C68EAC93E758A3632061A8834562511D7D16FC1DC4F986071D0309060A8F8AB9153B943588CA1C6D9142F57E17E64BB94B8B3722A80BE22B3C4AB3AB5BBCAE5C0FC5B5E7DFA6FA9D39A07716A8A891BBBEC5126DB85F61540983DD18A47092C1103A58EF04F6E18A2B78DC19442DDA16471B09276549DBC96ADA45EDDB3114BFC757280CC5D1AD520CCF47AC5956099FBE990D2F11FB190FA7BEA954F0932B8993375A82F23541450F2E308B7871DDB0ADA9E76BA655C0D3802CC552357C6C3AAA009B627AF2738E498692B526BFE4C41742273F494DE9C5427573932E7D87400431CD25661A90D8A7E61469A62E525B958329DDB5C850291ED764A98C37B98D1DC5148DF4DAB078E36C53F75F2FEF4A1CDDD2BF45AE1BEE6123E5F3F838AB0455E9B391FE1CF2FA6A95453EF46ABC9AA1EB962E4D8F1FC3FDA9277BBE0D4B1B0E2D4707385556446B7E95A3FD39E515CE2A9B7C689F412A4B8F552672F0D5046A796CD932588BA3EEF07835523E4FC8CAD25795851C1CE0E0BC9255F36F3E36409AB42E55134553BE6BE350D4986ADB261FDB7F98D54F7F9A834C79C1E93EAE94737BE6ACE4F4AAAB6AAB97A1A6597A055AC64B7FF7AEAC3C5428E3DD7FE3E86F15479C403D9C56892EA3A41629EB907D5455CFF78383407BD9EB4C830D8A3E494F63F896CBDC86E65798ED20385A6EAE7B09916E17376E72EA148932F246A7DCDCC6F92DAABBB7A971ADCAA6D89690FD097BC9956AB68E38F8A364C268F61B99122C70AD9C7085285E40C4B3171DFBF8F0E858698F7A3DAD4A4E147944730B6DF42BEDFD4D0A2726ED7C751AF83E526F154A976894132FA907AB89FD474A72625DFEF290511D58A9254EAC43EBCF1DF417CD31DF5597863639FD677D547DB9A74F88B98F887DE3A3D5B7DBF5C5A4B20E645026A5610153D09942267BDBDBBC23E7FFE168B51B664B672B1D2EDB71AB75AD6CC76A77F1AC74976CC74C738E1816E40D060300727033C6FF23E2952E882DA3A1D6D9B01DAF6AB7C296DBB0D681D00DBACFD27FB075C3817CC81BDC63606DF8226C2A97EFFC11D85CB76D2ED576FFDCF9DBEF764D18F2E5739FAD118DE7AB0D1A3E368A1673F1EB599A067AADD3EB62BAAFA8E9D184F2526D273D116A879D26FB0893FEF8F50ADA49D4875343E5BAFE073BA67691AC3E30B1BD7920BC9A253AC35BB5A195A4AD9344C7DDD80AA1EB3331B699E8386B1FE94D1D286DFD273AE6E68E853DB4A7345B095A7B1114CFD46AC0AFB40145F14AEDA9A3ABEDA2D1A9F19A9A4A3A85DBC4DBBBE91B695615055A55FEAE52C0648497258BA4164EC1ADE1949C7349174101978A44C514E5B07D051C7902C44E19C70BE472F1D915EE4E9B8D3F2312A717D9397897F426E661CC85CAE0CF49EDB92781DDB6F5D3E698BACCE39B30EDD7DF850A424C2C54801BFA21C6C493725F68AE0A0616099EE797B4C4973CB9AC2DD792D375407B32CACD27D3D03DF82111CCA21B3A434FB0896C225C3FC212B9EBA2386C66D2ED88BAD9C767182D19F2A39C47492F7E1531ECF9AB77FF02EF435ADF5E3C0000, N'6.1.3-40302')
INSERT [dbo].[__MigrationHistory] ([MigrationId], [ContextKey], [Model], [ProductVersion]) VALUES (N'201701090000505_init3', N'WebDatabase.Migrations.Configuration', 0x1F8B0800000000000400ED5BDB6EE336107D2FD07F10F4D416592BC9BEB481BD8BAC9314413717C4D96DDF025A1A3B44294AA5A8D446D12FEB433FA9BF5052174AA2A89BED3869B1586091509CE1DC78C8194EFEF9EBEFF1FB954FAC2760110EE8C43E1A1DDA165037F0305D4EEC982FDE7C6FBF7FF7F557E373CF5F599FF3796FE53C4149A389FDC87978E23891FB083E8A463E765910050B3E7203DF415EE01C1F1EFEE01C1D392058D88297658DEF62CAB10FC92FE2D769405D08798CC855E00189B271F1659670B5AE910F51885C98D8A7213E431CCD5104A374B66D9D128C842433200BDB4294061C7121E7C9A708669C0574390BC50022F7EB10C4BC05221164F29F14D3FBAA72782C55710AC29C951B473CF007323C7A9BD9C6D1C937B2B0AD6C27AC772EACCCD752EBC48213FB8679C06C4B5FE9644A989C65B2EE28A139B07E8679FEE54005828817F9EFC09AC684C70C261462CE1039B06EE339C1EE4FB0BE0F7E053AA1312165D18470E25B65400CDDB22004C6D777B0C804BEF46CCBA9D2393AA1222BD1A4DA5C52FEF6D8B6AEC5E2684E4079BEA4F98C070C7E040A0C71F06E11E7C0A8E40189ED6AAB6B6B890863DDEBB5F3B88C4E5D19FEA0F87C080202887673BA464F789928A2F114BF7AB12BB6C61D90E47BF488C37487A40E7D50332E58E0DF05248F8EFCC3C32C88992B96BC0F4C5FEF115B02AF0A34768A806B0DC394091F188819D5975034AF25FFCF5713A82700DCB6AED0EA23D0257F9CD8E247E16BBC022F1FC924F844B1C07B41C4590C8383F796611786C47FEF20915B6B608448922FE1615E4BDA86BE4C88A028FA3D60DEFE573EF71126FB5FF66576E22CDE977F1B4F9D332058DC25D7A79EC7C07CF8C8307CD0E7154790E173ED2032CD311D476D922687598B84F9774DB274D82C51F66DAB8331D5261A087B19D517E433AF350D44B6C1D62FB0233903190AFB5E779A1865EF301F441C915D5C054EA3287071E2FBF2765557D6AA18E7D4B35AEFAFA91DD4CD57D8426C041C8AD0176B4FECC3D1E8A8A65B13D37C779798AACB6C95ED77BAAE25ADDA953541649374AD7859C898DEA55A05EC646B505DC1559745876A9FC16FAB783A16B76B7B64EB4076438582C0C13A75D3647D8A221779F5381751EAF591C4602063C0D50D2FB01498043344A6E22C12E88C29AF032FA62E0E1169368246D213ADA58A8AB9FEE50C42A012689B15EEB36A9E27D757560B6846EFB2496348A5982268B8A000A60E01CA61C5A704198F57215F76C24619FCE91E974C67C0B5FB430160558FD77656953CC30C130305271D2CA4454DF469F07710671B174C0CD4A6D67894CCADD9A1A82594E6188B0DBAF7BBB05BC95D58BC16415D505DE251985DDFE255E57A286EBCC7D6D5EFC4F2DE685E5223737D8B25DAF0BBC4A81406BB3148EEA406439860BD13D8872BAEE1716710B5689B5F51149C14A56927AD4DE7356CA7A1883DBE426128AE60A5A2763662CDD28AF6F4CD6C78A9D74F7938D54DA5839F5A49DCA0D112B4AF12153DB8C02CE279DA605B53CF374C2B816703B2E44B55F0B1EEA81C6CF2E9F2E70C931A4ACF86F32523BE103AF9F2684A1204DDCD75BAE43D0111C40CC9C83420B14F9B8FC866EAFC682B73683AEE5A642815812BB294C6EBDCC68E668ADAF15AB378ED6E53F55F2FEF2A1CDDD2BFF95937DCC38D94CFE3E3B4A253A64F47FA73C8EAA46516D9D0ABF16A8AAE5BBA34B97E0CF7A799ECF9362CAD39B4181DE05455D9ACF8558DF6E794552ACB6CB2A17D06A92A219699A8C15713A8C5B565CB60CDAFBAC3E3B591F279425695B0CA2CD4E000076715A98A7FB3B101D224F5A58A2886325C1B87BC5654D936D9D8FEC3AC7AFB335C648A04A7FBBA52CCED7966C9DBABA93AAD274375B3F40AB4949739F72EAD3C54A8C6DC7FE3E86F1547DC403D9C54892E23595354F5C43EAAEAF7FBC141604CF63A8FC11A459F43CF60F896646E43F36BCC76101C2D99EBAB0A914ECDBB63A59612EA53145CA9D4504B01C7593AD6DDEC54CBCFD229B6258CF0843D999BCDD611077F24278C66BF9129C102208B095788E205443C7DE2B18F0F8F8EB57EA9D7D3BBE44491470CE96CAD8169EF8F54589AB4F3196AE08349B5772859A25697BCA41EAC26F61F09C98975F9CB434A7560259638B10EAD3F77D07034C77C576D1BC653EE3FEBA3F2533E7D42CC7D44EC1B1FADBEDDAE512691752083E2741B1630395D53C8A48F7D9BB7E8FC3F1CADB7C76CE96CADE5653B6E953696ED58ED2E9EB57693ED98198EE561415E63F00CD16ECCF9FEB301AF75456C190C954E87ED7895BB17B6DC85958E846ECC7D967E84AD1B10D483E0E09E036BC397E5A6B2FBCE1F939BEBBFF5A5DAF2D89DBF216FD794A15E50376995A83D676DD0C8B191D79B8B61CFD244D06B9D5E89EABEBCDFA329E5A5DA507A22CD0E3B4FF61126FD71E815B497E80FA90D95ECEA1FE234B58FA469FEC4F6E681F06A7A6035BC5D37B496B4759698B837B64698FA4E1ADB4E4C9C8D8FF64D1D296DFD2826E6CD1D0C7B6857A9B716B4F626689EA9D4845F69438AE695CAD347571B46AD73E3353599740AB789B777D347522F0E0AB42AFDBDA480C9082F0B16B2F049C1ADE0949A734917410E979A44F914EDD27C051C7902C44E19C70BE472F1D915EE4E9A883F231227F9E81CBC4B7A13F330E64265F0E7A4F2FC2361B76DFDA459A62AF3F8264CFAF077A18210130B15E0867E8831F194DC17862B7F030B89E759B2257DC965D2B55C2B4ED701EDC928339F3A86EEC10F896016DDD0197A824D6413E1FA1196C85DE735DE6626DD8EA89A7D7C86D192213FCA7814F4E25711C39EBF7AF72F8ADD2FE1363C0000, N'6.1.3-40302')
INSERT [dbo].[__MigrationHistory] ([MigrationId], [ContextKey], [Model], [ProductVersion]) VALUES (N'201701090040548_ini6', N'WebDatabase.Migrations.Configuration', 0x1F8B0800000000000400ED5ACD6EE33610BE17E83B083AB545D672B29736B077917592C2E8E6077176DB5B404B63872845A92295DA28FA643DF491FA0A1DEA879228C99662AF372D16018288E40CE79FC38FF9E7AFBF476F573EB39E201234E063FB7830B42DE06EE051BE1CDBB15CBCFADE7EFBE6EBAF46179EBFB23EE6EB5EAB7548C9C5D87E94323C751CE13E824FC4C0A76E14886021076EE03BC40B9C93E1F007E7F8D8016461232FCB1ADDC55C521F920FFC9C04DC8550C6845D051E30918DE3CC2CE16A5D131F44485C18DB67213D2792CC898041BADAB6CE182528C90CD8C2B608E7812412E53CFD206026A3802F67210E1076BF0E01D72D081390C97F5A2CEFAACAF044A9E21484392B371632F07B323C7E9DD9C631C99F65615BDB0EAD778156966BA57562C1B17D137910D996B9D3E984456A5593750709CD91F533CCF399231D08182FEAE7C89AC44CC6118C39C43222ECC8BA8DE78CBA3FC1FA3EF815F898C78C954543E170AE328043B751104224D777B0C8049E7AB6E554E91C9350939568526DA65CBE3EB1AD6BDC9CCC1968CF97349FC920821F8143442478B7444A88B8E20189ED6ABB1B7B618445DBF7DBCC632ACE5C15FEA0F9BC0B0206846FE7744D9EE83251C4E0899F5EEC626ADC014BE6C5230DD30C491DFAA0575C46817F17B03C3AF289875910472E6E791F34CDDE936809B22AD0C829026E6318A64C64CF40CCA8BE8462F35EEA77BE1B563D2CE0B6754556EF812FE5E3D8C63FD1D774055E3E9249F08153ACF74824A3187A07EF6D445DE813FF9D8344A556CF0851245FC2A3792F651BFE79428408F17B107987DFF9C227941D7EDBCF9389B3F850FE6D3D759223A2F9D051E1F790CF17474E69B876E094E7FA1C376742042E4D0428CBA54FBCAA3217DCB3361E7FA935F5C18916C50A4243AC19B8F7D81E0E06C7350BB531CDD52831D5676195ED77A6AE25AD362B5BB6749B548D662F644A4B6F55A063DBAC8137FC1C1848B0CEDCB4DB9D10E112AF1E2FE827AF8B240DD66934F977B51DB00C43A4EA206178971058D82997F59A4DB94B43C2DA8D6090742CF44A45CDDC9C398710B8AAD1ED0A77D9356F34EB3BEB0D0CA36FB3496B48A5598534122920CA0450DFB0921386D5BCE15846F9B293596465C4F4B8623A0369948A2285AB1EAF2554953CCB9A26063AA1B6B050166DA24F83DF202E99CAD0A168A44B6B1A3B6DD373DB2A8F16B8B056CDFBDB0A4D89476132333DABCA7550BC52CCEB6AB756A0AD35A8246EE69E0D1A37958EAD36DBA06D7E9EE8C82F600827C52172BCC269012C4657240CF1D42D0118D988354BD18BC9AB59FF6BBD9FF270AA3164E6A9DE09FB44B204635625B007973412326F8E6D6BE2F90DCB4A79DE9241F9569554AE3B2A4FAC7CB9FA3B256983191A4A61467C893AF9AA8A266DB0E9E63A5D821D1146A286967B12B0D8E7EDD5BC9D3AAFC2650E6D9579830CA50B7F4596D2789DDBC8314C513B096A16AF1DC355FF75F2AE2E1B3BFA372FCBFD3DDC4AF9697C9C76EF65FA74A43B87EC4E5C66910DBD18AFA6D57547972627657F7F36937DBA84E5358716A33D9CAA6FB115BFEAD1EE9CB25B69994D3674C820D5D7C532133D78F840AD1ECB0D274CD1686D3F478AB51D8B896A2B9A2EB3665356374BA7A04D7935F7EFA59DFB0AD57A7F7876266D14075B038F2637CDA9501881C607BAA86A365EF520A8F55FE6121D82BA0F33FAAD51D6FB6C7F45AA3543E912DB42DD9FA8A71AA1D95A48F0076AC160F61B9B308A415F2CB8229C2E40C81435B44F86C727C643D4CB79147284F0589797A183E39E5499742BB2D91309AB3ECA245BD4EEAB53BC32AFC6F61F09C9A935FDE521A53AB2124B9C5A43EBCF3DBCE4CCA9DC171EDE58B9FEB33E2A63A4FC8944EE2389BEF1C9EADBDD5E2012597B32282A56BF80C9E9DA422605539FFFF6F1FF70B4F9EEB0A3B38DB784DDB855DE077663B5BF783670FC3ECC3E0922BE3304AE01B9DEA8F77391DD362C61EF606EFBA5B6BED5A61E70EF18EEF39F053ED74340C758DB23F67F8800E91E892F00E037F1C10E087E3B809F36D463DB9B07E8D5B464B540B22DE0FE266CBF897B2BC0DD84FCB702FF4D9C1BB1E843BC09D401ED8D88B861B8CA85F705A1FE359C7FFBC3C67643EC07D8AF5F2031CF4AFFAC88092EE8B260A1EEC41CDC4A86E93553BE08F2443724CA971867FF1548E261FA9D45922E882B71DA05219287FC8F84C549CF32076FCA6F6219C61255067FCE2AFFFCA10AC6A6FD93D78BAACCA39B3079AEDF870A28264515E086BF8B29F3B4DC970DED4A0B0B5589B20E54F952AA4E74B9D69CAE03DE9151663E5D40EFC10F193213377C469EE039B261B8BE872571D7390ED0CE64BB23AA661F9D53B28C882F321E053D7E620C7BFEEACDBFF3A03EBAB32B0000, N'6.1.3-40302')
INSERT [dbo].[__MigrationHistory] ([MigrationId], [ContextKey], [Model], [ProductVersion]) VALUES (N'201701091923399_p1', N'WebDatabase.Migrations.Configuration', 0x1F8B0800000000000400ED5ACD6EE33610BE17E83B083AB545D672B29736B077917592C2E8E6077176DB5B404B63872845A92295DA28FA643DF491FA0A1DEA879228C99662AF372D16018288E40CE79FC38FF9E7AFBF476F573EB39E201234E063FB7830B42DE06EE051BE1CDBB15CBCFADE7EFBE6EBAF46179EBFB23EE6EB5EAB7548C9C5D87E94323C751CE13E824FC4C0A76E14886021076EE03BC40B9C93E1F007E7F8D8016461232FCB1ADDC55C521F920FFC9C04DC8550C6845D051E30918DE3CC2CE16A5D131F44485C18DB67213D2792CC898041BADAB6CE182528C90CD8C2B608E7812412E53CFD206026A3802F67210E1076BF0E01D72D081390C97F5A2CEFAACAF044A9E21484392B371632F07B323C7E9DD9C631C99F65615BDB0EAD778156966BA57562C1B17D137910D996B9D3E984456A5593750709CD91F533CCF399231D08182FEAE7C89AC44CC6118C39C43222ECC8BA8DE78CBA3FC1FA3EF815F898C78C954543E170AE328043B751104224D777B0C8049E7AB6E554E91C9350939568526DA65CBE3EB1AD6BDC9CCC1968CF97349FC920821F8143442478B7444A88B8E20189ED6ABB1B7B618445DBF7DBCC632ACE5C15FEA0F9BC0B0206846FE7744D9EE83251C4E0899F5EEC626ADC014BE6C5230DD30C491DFAA0575C46817F17B03C3AF289875910472E6E791F34CDDE936809B22AD0C829026E6318A64C64CF40CCA8BE8462F35EEA77BE1B563D2CE0B6754556EF812FE5E3D8C63FD1D774055E3E9249F08153ACF74824A3187A07EF6D445DE813FF9D8344A556CF0851245FC2A3792F651BFE79428408F17B107987DFF9C227941D7EDBCF9389B3F850FE6D3D759223A2F9D051E1F790CF17474E69B876E094E7FA1C376742042E4D0428CBA54FBCAA3217DCB3361E7FA935F5C18916C50A4243AC19B8F7D81E0E06C7350BB531CDD52831D5676195ED77A6AE25AD362B5BB6749B548D662F644A4B6F55A063DBAC8137FC1C1848B0CEDCB4DB9D10E112AF1E2FE827AF8B240DD66934F977B51DB00C43A4EA206178971058D82997F59A4DB94B43C2DA8D6090742CF44A45CDDC9C398710B8AAD1ED0A77D9356F34EB3BEB0D0CA36FB3496B48A5598534122920CA0450DFB0921386D5BCE15846F9B293596465C4F4B8623A0369948A2285AB1EAF2554953CCB9A26063AA1B6B050166DA24F83DF202E99CAD0A168A44B6B1A3B6DD373DB2A8F16B8B056CDFBDB0A4D89476132333DABCA7550BC52CCEB6AB756A0AD35A8246EE69E0D1A37958EAD36DBA06D7E9EE8C82F600827C52172BCC269012C4657240CF1D42D0118D988354BD18BC9AB59FF6BBD9FF270AA3164E6A9DE09FB44B204635625B007973412326F8E6D6BE2F90DCB4A79DE9241F9569554AE3B2A4FAC7CB9FA3B256983191A4A61467C893AF9AA8A266DB0E9E63A5D821D1146A286967B12B0D8E7EDD5BC9D3AAFC2650E6D9579830CA50B7F4596D2789DDBC8314C513B096A16AF1DC355FF75F2AE2E1B3BFA372FCBFD3DDC4AF9697C9C76EF65FA74A43B87EC4E5C66910DBD18AFA6D57547972627657F7F36937DBA84E5358716A33D9CAA6FB115BFEAD1EE9CB25B69994D3674C820D5D7C532133D78F840AD1ECB0D274CD1686D3F478AB51D8B896A2B9A2EB3665356374BA7A04D7935F7EFA59DFB0AD57A7F7876266D14075B038F2637CDA9501881C607BAA86A365EF520A8F55FE6121D82BA0F33FAAD51D6FB6C7F45AA3543E912DB42DD9FA8A71AA1D95A48F0076AC160F61B9B308A415F2CB8229C2E40C81435B44F86C727C643D4CB79147284F0589797A183E39E5499742BB2D91309AB3ECA245BD4EEAB53BC32AFC6F61F09C9A935FDE521A53AB2124B9C5A43EBCF3DBCE4CCA9DC171EDE58B9FEB33E2A63A4FC8944EE2389BEF1C9EADBDD5E2012597B32282A56BF80C9E9DA422605539FFFF6F1FF70B4F9EEB0A3B38DB784DDB855DE077663B5BF783670FC3ECC3E0922BE3304AE01B9DEA8F77391DD362C61EF606EFBA5B6BED5A61E70EF18EEF39F053ED74340C758DB23F67F8800E91E892F00E037F1C10E087E3B809F36D463DB9B07E8D5B464B540B22DE0FE266CBF897B2BC0DD84FCB702FF4D9C1BB1E843BC09D401ED8D88B861B8CA85F705A1FE359C7FFBC3C67643EC07D8AF5F2031CF4AFFAC88092EE8B260A1EEC41CDC4A86E93553BE08F2443724CA971867FF1548E261FA9D45922E882B71DA05219287FC8F84C549CF32076FCA6F6219C61255067FCE2AFFFCA10AC6A6FD93D78BAACCA39B3079AEDF870A28264515E086BF8B29F3B4DC970DED4A0B0B5589B20E54F952AA4E74B9D69CAE03DE9151663E5D40EFC10F193213377C469EE039B261B8BE872571D7390ED0CE64BB23AA661F9D53B28C882F321E053D7E620C7BFEEACDBFF3A03EBAB32B0000, N'6.1.3-40302')
INSERT [dbo].[__MigrationHistory] ([MigrationId], [ContextKey], [Model], [ProductVersion]) VALUES (N'201701091925336_test', N'WebDatabase.Migrations.Configuration', 0x1F8B0800000000000400ED5ACD6EE33610BE17E83B083AB545D672B29736B077917592C2E8E6077176DB5B404B63872845A92295DA28FA643DF491FA0A1DEA879228C99662AF372D16018288E40CE79FC38FF9E7AFBF476F573EB39E201234E063FB7830B42DE06EE051BE1CDBB15CBCFADE7EFBE6EBAF46179EBFB23EE6EB5EAB7548C9C5D87E94323C751CE13E824FC4C0A76E14886021076EE03BC40B9C93E1F007E7F8D8016461232FCB1ADDC55C521F920FFC9C04DC8550C6845D051E30918DE3CC2CE16A5D131F44485C18DB67213D2792CC898041BADAB6CE182528C90CD8C2B608E7812412E53CFD206026A3802F67210E1076BF0E01D72D081390C97F5A2CEFAACAF044A9E21484392B371632F07B323C7E9DD9C631C99F65615BDB0EAD778156966BA57562C1B17D137910D996B9D3E984456A5593750709CD91F533CCF399231D08182FEAE7C89AC44CC6118C39C43222ECC8BA8DE78CBA3FC1FA3EF815F898C78C954543E170AE328043B751104224D777B0C8049E7AB6E554E91C9350939568526DA65CBE3EB1AD6BDC9CCC1968CF97349FC920821F8143442478B7444A88B8E20189ED6ABB1B7B618445DBF7DBCC632ACE5C15FEA0F9BC0B0206846FE7744D9EE83251C4E0899F5EEC626ADC014BE6C5230DD30C491DFAA0575C46817F17B03C3AF289875910472E6E791F34CDDE936809B22AD0C829026E6318A64C64CF40CCA8BE8462F35EEA77BE1B563D2CE0B6754556EF812FE5E3D8C63FD1D774055E3E9249F08153ACF74824A3187A07EF6D445DE813FF9D8344A556CF0851245FC2A3792F651BFE79428408F17B107987DFF9C227941D7EDBCF9389B3F850FE6D3D759223A2F9D051E1F790CF17474E69B876E094E7FA1C376742042E4D0428CBA54FBCAA3217DCB3361E7FA935F5C18916C50A4243AC19B8F7D81E0E06C7350BB531CDD52831D5676195ED77A6AE25AD362B5BB6749B548D662F644A4B6F55A063DBAC8137FC1C1848B0CEDCB4DB9D10E112AF1E2FE827AF8B240DD66934F977B51DB00C43A4EA206178971058D82997F59A4DB94B43C2DA8D6090742CF44A45CDDC9C398710B8AAD1ED0A77D9356F34EB3BEB0D0CA36FB3496B48A5598534122920CA0450DFB0921386D5BCE15846F9B293596465C4F4B8623A0369948A2285AB1EAF2554953CCB9A26063AA1B6B050166DA24F83DF202E99CAD0A168A44B6B1A3B6DD373DB2A8F16B8B056CDFBDB0A4D89476132333DABCA7550BC52CCEB6AB756A0AD35A8246EE69E0D1A37958EAD36DBA06D7E9EE8C82F600827C52172BCC269012C4657240CF1D42D0118D988354BD18BC9AB59FF6BBD9FF270AA3164E6A9DE09FB44B204635625B007973412326F8E6D6BE2F90DCB4A79DE9241F9569554AE3B2A4FAC7CB9FA3B256983191A4A61467C893AF9AA8A266DB0E9E63A5D821D1146A286967B12B0D8E7EDD5BC9D3AAFC2650E6D9579830CA50B7F4596D2789DDBC8314C513B096A16AF1DC355FF75F2AE2E1B3BFA372FCBFD3DDC4AF9697C9C76EF65FA74A43B87EC4E5C66910DBD18AFA6D57547972627657F7F36937DBA84E5358716A33D9CAA6FB115BFEAD1EE9CB25B69994D3674C820D5D7C532133D78F840AD1ECB0D274CD1686D3F478AB51D8B896A2B9A2EB3665356374BA7A04D7935F7EFA59DFB0AD57A7F7876266D14075B038F2637CDA9501881C607BAA86A365EF520A8F55FE6121D82BA0F33FAAD51D6FB6C7F45AA3543E912DB42DD9FA8A71AA1D95A48F0076AC160F61B9B308A415F2CB8229C2E40C81435B44F86C727C643D4CB79147284F0589797A183E39E5499742BB2D91309AB3ECA245BD4EEAB53BC32AFC6F61F09C9A935FDE521A53AB2124B9C5A43EBCF3DBCE4CCA9DC171EDE58B9FEB33E2A63A4FC8944EE2389BEF1C9EADBDD5E2012597B32282A56BF80C9E9DA422605539FFFF6F1FF70B4F9EEB0A3B38DB784DDB855DE077663B5BF783670FC3ECC3E0922BE3304AE01B9DEA8F77391DD362C61EF606EFBA5B6BED5A61E70EF18EEF39F053ED74340C758DB23F67F8800E91E892F00E037F1C10E087E3B809F36D463DB9B07E8D5B464B540B22DE0FE266CBF897B2BC0DD84FCB702FF4D9C1BB1E843BC09D401ED8D88B861B8CA85F705A1FE359C7FFBC3C67643EC07D8AF5F2031CF4AFFAC88092EE8B260A1EEC41CDC4A86E93553BE08F2443724CA971867FF1548E261FA9D45922E882B71DA05219287FC8F84C549CF32076FCA6F6219C61255067FCE2AFFFCA10AC6A6FD93D78BAACCA39B3079AEDF870A28264515E086BF8B29F3B4DC970DED4A0B0B5589B20E54F952AA4E74B9D69CAE03DE9151663E5D40EFC10F193213377C469EE039B261B8BE872571D7390ED0CE64BB23AA661F9D53B28C882F321E053D7E620C7BFEEACDBFF3A03EBAB32B0000, N'6.1.3-40302')
INSERT [dbo].[__MigrationHistory] ([MigrationId], [ContextKey], [Model], [ProductVersion]) VALUES (N'201701091934083_test2', N'WebDatabase.Migrations.Configuration', 0x1F8B0800000000000400ED5ACD6EE33610BE17E83B083AB545D672B29736B077917592C2E8E6077176DB5B404B63872845A92295DA28FA643DF491FA0A1DEA879228C99662AF372D16018288E40CE79FC38FF9E7AFBF476F573EB39E201234E063FB7830B42DE06EE051BE1CDBB15CBCFADE7EFBE6EBAF46179EBFB23EE6EB5EAB7548C9C5D87E94323C751CE13E824FC4C0A76E14886021076EE03BC40B9C93E1F007E7F8D8016461232FCB1ADDC55C521F920FFC9C04DC8550C6845D051E30918DE3CC2CE16A5D131F44485C18DB67213D2792CC898041BADAB6CE182528C90CD8C2B608E7812412E53CFD206026A3802F67210E1076BF0E01D72D081390C97F5A2CEFAACAF044A9E21484392B371632F07B323C7E9DD9C631C99F65615BDB0EAD778156966BA57562C1B17D137910D996B9D3E984456A5593750709CD91F533CCF399231D08182FEAE7C89AC44CC6118C39C43222ECC8BA8DE78CBA3FC1FA3EF815F898C78C954543E170AE328043B751104224D777B0C8049E7AB6E554E91C9350939568526DA65CBE3EB1AD6BDC9CCC1968CF97349FC920821F8143442478B7444A88B8E20189ED6ABB1B7B618445DBF7DBCC632ACE5C15FEA0F9BC0B0206846FE7744D9EE83251C4E0899F5EEC626ADC014BE6C5230DD30C491DFAA0575C46817F17B03C3AF289875910472E6E791F34CDDE936809B22AD0C829026E6318A64C64CF40CCA8BE8462F35EEA77BE1B563D2CE0B6754556EF812FE5E3D8C63FD1D774055E3E9249F08153ACF74824A3187A07EF6D445DE813FF9D8344A556CF0851245FC2A3792F651BFE79428408F17B107987DFF9C227941D7EDBCF9389B3F850FE6D3D759223A2F9D051E1F790CF17474E69B876E094E7FA1C376742042E4D0428CBA54FBCAA3217DCB3361E7FA935F5C18916C50A4243AC19B8F7D81E0E06C7350BB531CDD52831D5676195ED77A6AE25AD362B5BB6749B548D662F644A4B6F55A063DBAC8137FC1C1848B0CEDCB4DB9D10E112AF1E2FE827AF8B240DD66934F977B51DB00C43A4EA206178971058D82997F59A4DB94B43C2DA8D6090742CF44A45CDDC9C398710B8AAD1ED0A77D9356F34EB3BEB0D0CA36FB3496B48A5598534122920CA0450DFB0921386D5BCE15846F9B293596465C4F4B8623A0369948A2285AB1EAF2554953CCB9A26063AA1B6B050166DA24F83DF202E99CAD0A168A44B6B1A3B6DD373DB2A8F16B8B056CDFBDB0A4D89476132333DABCA7550BC52CCEB6AB756A0AD35A8246EE69E0D1A37958EAD36DBA06D7E9EE8C82F600827C52172BCC269012C4657240CF1D42D0118D988354BD18BC9AB59FF6BBD9FF270AA3164E6A9DE09FB44B204635625B007973412326F8E6D6BE2F90DCB4A79DE9241F9569554AE3B2A4FAC7CB9FA3B256983191A4A61467C893AF9AA8A266DB0E9E63A5D821D1146A286967B12B0D8E7EDD5BC9D3AAFC2650E6D9579830CA50B7F4596D2789DDBC8314C513B096A16AF1DC355FF75F2AE2E1B3BFA372FCBFD3DDC4AF9697C9C76EF65FA74A43B87EC4E5C66910DBD18AFA6D57547972627657F7F36937DBA84E5358716A33D9CAA6FB115BFEAD1EE9CB25B69994D3674C820D5D7C532133D78F840AD1ECB0D274CD1686D3F478AB51D8B896A2B9A2EB3665356374BA7A04D7935F7EFA59DFB0AD57A7F7876266D14075B038F2637CDA9501881C607BAA86A365EF520A8F55FE6121D82BA0F33FAAD51D6FB6C7F45AA3543E912DB42DD9FA8A71AA1D95A48F0076AC160F61B9B308A415F2CB8229C2E40C81435B44F86C727C643D4CB79147284F0589797A183E39E5499742BB2D91309AB3ECA245BD4EEAB53BC32AFC6F61F09C9A935FDE521A53AB2124B9C5A43EBCF3DBCE4CCA9DC171EDE58B9FEB33E2A63A4FC8944EE2389BEF1C9EADBDD5E2012597B32282A56BF80C9E9DA422605539FFFF6F1FF70B4F9EEB0A3B38DB784DDB855DE077663B5BF783670FC3ECC3E0922BE3304AE01B9DEA8F77391DD362C61EF606EFBA5B6BED5A61E70EF18EEF39F053ED74340C758DB23F67F8800E91E892F00E037F1C10E087E3B809F36D463DB9B07E8D5B464B540B22DE0FE266CBF897B2BC0DD84FCB702FF4D9C1BB1E843BC09D401ED8D88B861B8CA85F705A1FE359C7FFBC3C67643EC07D8AF5F2031CF4AFFAC88092EE8B260A1EEC41CDC4A86E93553BE08F2443724CA971867FF1548E261FA9D45922E882B71DA05219287FC8F84C549CF32076FCA6F6219C61255067FCE2AFFFCA10AC6A6FD93D78BAACCA39B3079AEDF870A28264515E086BF8B29F3B4DC970DED4A0B0B5589B20E54F952AA4E74B9D69CAE03DE9151663E5D40EFC10F193213377C469EE039B261B8BE872571D7390ED0CE64BB23AA661F9D53B28C882F321E053D7E620C7BFEEACDBFF3A03EBAB32B0000, N'6.1.3-40302')
INSERT [dbo].[__MigrationHistory] ([MigrationId], [ContextKey], [Model], [ProductVersion]) VALUES (N'201701092044576_new', N'WebDatabase.Migrations.Configuration', 0x1F8B0800000000000400ED1A5D6FDB36F07DC0FE83A0A76D482D277DD902BB45EA2483B1E60371DAED2DA0A5B3438CA23492CA6C0CFB657BD84FDA5FD851DFA2245B8A5D371B8A024544F28EF77DC73BFFF3D7DFA3B72B9F594F20240DF8D83E1E0C6D0BB81B78942FC776A416AFBEB7DFBEF9FAABD185E7AFAC8FD9B9D7FA1C427239B61F950A4F1D47BA8FE01339F0A92B02192CD4C00D7C87788173321CFEE01C1F3B80286CC46559A3BB882BEA43FC819F9380BB10AA88B0ABC00326D375DC99C558AD6BE2830C890B63FB2CA4E74491399130484EDBD619A3042999015BD816E13C5044219DA71F24CC9408F87216E20261F7EB10F0DC82300929FDA7C5F1AEAC0C4F342B4E0198A17223A902BF27C2E3D7A96C1C13FC5912B673D9A1F42E50CA6AADB98E2538B66F8407C2B6CC9B4E274CE8534DD21DC43047D6CF30CF768E7243407BD1FF8EAC49C4542460CC215282B023EB369A33EAFE04EBFBE057E0631E3156260D89C3BDCA022EDD8A2004A1D677B048099E7AB6E554E11C1330072BC124DC4CB97A7D625BD778399933C8355FE27CA602013F0207411478B74429105CE3805876B5DB8DBBD0C2C4F6FB36E398CA33579B3FE478DE050103C27B638A55F550A3C700BA264F7419736F80E3A717B9E84F77C0E27DF948C3C4AD122B78C84F5C8AC0BF0B587E67BAF1300B22E1229DF741D3EE3D114B505582464E61A51B6D3741A27A5A6F0AF5C57E9BEFD2FF67B761A8C4A86F5B5764F51EF8523D8E6DFC13754D57E0652B29051F38C52481404A44D0DB4E6F0575A18FD3743612ED8F3D2D44837C318FE6BBB46CF8E7311122E5EF81F00E7FF3854F283BFCB59FC71367D1A1F4DB9A75E214D19C74B4F93D64FB45CA292DD7124E79AF4FBA39933270694C4025996619AFCACC05F7AC8DE92F91669E3851A2184168883103EF1EDBC3C1E0B826A136A4191B25A4792EACA2FDCEE4B5C4D56666CB926EA3AA51EC054D49E8AD12746C9B31F0869F030305D6999B94C813225DE2D5ED05F5E475A1A4413A8D22FFAE76038661103A0E12860F1089819D72558FD994BB3424AC5D080648C740AF59CC919B3BE71002D731BA9DE12EB766D569FDE6FC0243E8DB64D26A528957218C4208102901FA1B566AC2309A37A465A42FCDCC320D23A6C635D219282354142E5CD578CDA1AAE0A9D73421C81D6A0B0A2DD126F8C4F80DE092A80C1E8A42BA74A6B1D23635B72DF2E40417D2AA697F5BA029E1284466BA6795B90E8C5782799DEDD608B4350695C84DD5B381E3A6D0B155661BB8CDF2496EF945EFC2499A175993C369E9728CAE481862D62D753DD2156B96B43C26AF66FD7B017E82C3A9DA90E9A7F94D5827922518BBDA813DB8A442AAAC38B6AD89E7371C2BF9798B076557555CB9AEA8CCB1B2E3FAEF04A4AD37D1100A53E04BE4C9D751342E834D35D7E1E2861361443494DC9380453E6F8FE6EDD059142E63688BCC1B682875092AB494D6BB632B3A05655CC56A1DD3C831845ACB2935DDD5127AD5123AD9491E8076B4942CC0F7B79556C84F632DC93BA00C9FAC74C790BEAECB28D2A517A3D5244EEFA8D238E7F6D76733D8A7737D5E5368B1DA43A9F97BB8A2D77CB53BA6F47D5B46932E1DD248F387671949BE787843AD26F8865C55946CDB335271B66330D1054A638436CABBBA583A196D7B5C8F9F5919745FA25A5F22CFF6A48DE46091E1D1F8CD3A95BADB90771ABAB06A96707523A85572E691DC04F38ACEA8DC466915B57D88552BAB9223B685BC3F514F9754B3B554E00FF481C1EC373661148DBE387045385D805449FFD13E191E9F1873B097339372A4F45897C1D4C13BA8548B746B8FB4674FAD3A138AAFA8BD7CA7F8F85E8DED3F6290536BFACB43027564C59238B586D69F7B1824CDA9DA7988143350E048BA7D3B4D70FE1F6A2E376CF91311EE2311DFF864F5ED6EE31043DCCF5759079BCBE0DAAC6E075DD7ABACFFACA2CD21C88ECA36061BBB61AB0C2B7643B53F7B36860A7D907D92F6FCCEFDF8BC3BD8BB05FFDC36735B6363EF9DE5F67771FDAA4D65E4DE1BCACF9F517CAEA944475BDBE320E21006D2DD125FC0B4C16C56761827B44F13929A7C6C7BF300B59A84AC96FE70CBA461D3A0A1097B6BB7BD690CD13A8568C2DCD8183FC480A2DE5DDFD89E3704577933BFA011446DE8B07DCAB25D10FB9932D4DFA0E867A59F5BA2834BBA2C50E8673507B7E261F999295F0499A31B1465478CDC7F058A78E87E6742D10571156EBB2065FCAB828F844571CD32076FCA6F2215460A59067FCE2ABF44D10163D3FDF128A54AF3E8268C7F3BB00F16904C8A2CC00D7F1751E6E5745F36942B2D2874244A2B50AD4BA52BD1E53AC7741DF08E8852F1E501F41EFC90213279C367E4099E431B9AEB7B5812779DB512DA916C574455ECA3734A9682F832C551C0E327DAB0E7AFDEFC0B1F55558C752C0000, N'6.1.3-40302')
INSERT [dbo].[__MigrationHistory] ([MigrationId], [ContextKey], [Model], [ProductVersion]) VALUES (N'201701092109424_new5', N'WebDatabase.Migrations.Configuration', 0x1F8B0800000000000400ED5A5B6FDB36147E1FB0FF20E8691B522B495FB6C06E913AC910ACB9204EBBBD05B474EC10A3284DA4321BC37ED91EF693F61746EA2E5E6CC9769CA0280A1431C9733FFC489EA3FFFEF977F87E1112E7091286233A728F0687AE03D48F024CE72337E5B3373FBAEFDF7DFBCDF03C0817CEE772DD5BB94E505236721F398F4F3C8FF98F10223608B19F442C9AF1811F851E0A22EFF8F0F027EFE8C803C1C215BC1C677897528E43C87E889FE388FA10F31491AB2800C28A713133C9B83AD7280416231F46EE698CCF104753C46090AF769D538291D0640264E63A88D288232EF43CF9C460C29388CE27B11840E47E19835837438441A1FF49BDBCAB2987C7D214AF262C59F929E351D893E1D1DBC2379E4ABE9187DDCA77C27BE7C2CB7C29ADCE3C38726F920012D751259D8C49225799BC3BC8680E9C5F615ACE1C548920F245FE3B70C629E16902230A294F1039706ED329C1FE2FB0BC8F7E073AA229214DD5847262AE3520866E932886842FEF6056287C19B88ED7A6F354C28AAC41935B7349F9DB63D7B916C2D1944015F986E5131E25F03350481087E016710E09953C20F39D265D9125322C592F6F358F4B76EACBF4878ACF87282280686F4E59A81E347D14A26BF484E799F50AB9F819A43E171BEA0E48B6803DE238DF578362F2219321965C24517817919AAC9879B847C91CB85021324E4FA234F1154B865E9DA92BF3B7E0D533830BAAAF396C9625FF2FA509B814C8EF3A5768F111E89C3F8E5CF1A788365E40508E141A7CA2581C1482882729F4CED5DB04FBD073E35833B74CCA6DF2B64C4C4BDE9669BD51DE4A98E899B492E46BC69A6549DFD097C95AC4D89F5112EC5FF2798830D9BFD897018749BAAFF86E022932FD0C78D218D6C0A439D707494E198B7C9C29D03E024BF96D6BCE69E0AC06B7DC9F0D60145E15288263811B42FEC8FD417391956975D2D74C8B0BE64A9643AF61D56A639B9EB62965747BAD510EBD6D858E5C15036FE81910E0E09CFAF9CD7D8C988F023D5F449C822E9A6CE81BF93682192412071111EF2226801D53AE6336A63E8E11B13B4121E908F4D2C48AB93A7306315089D17683BB482D2FCDBAE44A80E2F4753EB1A654BEAB040D171490140AC8DFB0E06322D0DC702C0BFD8A93991530A2465C329D0057A0A2DEC2ED886BFBA94D5E5FBB3506D51E5DC3427AD4449F27BF42DC7095A644056B8D45E68B941ABBB5D053E9DCB4584B81B560D36053EAAA6ED1B6811D8C6F01BA6EB91585D6E25043D922442B0C36C1C736D696674A95FD7559C5CBEB2A65FDC5B314608657288EC5C9DB28C81423CE24AFC68CDF4CFA9729C29C87E73343B5A2D2B69224EE8A680ECAACDCC4015CE084F1F282EC3AE320342C6BEC75CB2E2A45B5B6B31EA8727395CBE5DF3989AD6C6280C382F842D8144A24CDAEC26A9875BAAC1686084A0CD7EE7144D290DA11DD4E5D227193830D9D57E8D02860B474698C77E75617319ABCEA519DD3D0539CAA9D2B5AECB443BD9D099DF2A442B12D33A504F9FEB962A57C9E6CC9DF024DFA7CA43B87E2D1DF64510CBD9AA8E638BD6548B373B77F3CCD64CFB7F5A916D07AB44750AB37712BAED568774EC51BB7C9A618DA6792568FCF26936A70FF89DA3EE08D18545D5EBA004DB5D80227C61348DE53CCE5E2B5CF8E4EC95B3233BF0B1AC27BEB657D9874D2CB7EEED8B552EF647A54B5AB99BAA4CAA9EA8AA65CC586C5B5687DC34CBB27E54B5C47E8FE840379479A2C19877020170C267F9031C1228BEB055788E219309E1715DDE3C3A363A5E7F67AFA5F1E6301E9D204DB7B59144B97AE2D7CF62C94B5FB4F9908ED397B295ED48B91FB574672E25CFEF690531D3899274E9C43E7EF1D34ADA6986FDDB0CA0CA879E425BCAD3A455F46989B5558FA8412FF1125DF8568F1FD766D17C5DD0606FD3A1C5F86B3D5EEC2960E573A06DB716B7501B663B5BB9C52AAF57D98F5DDCF1B63F7CAFB85BEDC76ECAF4FCEA6A07EA85C536E85CC464CED20BEA4EB217CD3AE85F1AEA897FEBAB42B9EA994DF4A37831ACF59CBB7D703765EC05F75E3EFBF8D765FBE5F9B48A6CB7D238C7AFC8C81FB0293A87B48F79D42AB5E547B48A0AE2DC5976A22764CD91DF60DF79125DDD3E3153407D5BE82A56ED8FEA6D2D6FCCB5FDB2337984622AAF9516A69E5581A83ABFA8226EEB6EE9AB16B686D1A9A381B7B5836B56D7E694FAF30C0E2A50EEDCBAAFFB6AE8B69295A99AE2286B27B87EE65CB097A916DFBD6A5A54BBAD67073554CC721AD33F51A8CDE59BF56EBD0AE34AFA34B76D392D5EB7B02E91A9FCD0B8865785EB3901FD153F05B1857ADB9A4B3A8845A45A37289F28AB8028E020180A709C733E47331ED0363D967589F1149B3B7E814824B7A93F238E5C26408A7A4F5E99E84EC55F2B3BE735BE7E14D9C7D6CB50B13849A58980037F4438A4950E97D6178C85858C8B3A0A82CC858725961982F2B4ED711EDC8A8705F7584DD431813C18CDDD0097A824D7413E9FA11E6C85F96655A3B93F58168BB7D7886D13C41212B78D4F4E2A7C8E1205CBCFB1FDAB6D8443D320000, N'6.1.3-40302')
INSERT [dbo].[__MigrationHistory] ([MigrationId], [ContextKey], [Model], [ProductVersion]) VALUES (N'201701092131139_test1', N'WebDatabase.Migrations.Configuration', 0x1F8B0800000000000400ED5BDB6EE336107D2FD07F10F4D416592BC9BEB481BD8BAC9314463797C6D96DDF025A1A3B44294A15A9D441D12FEB433FA9BF5052578AD4D5F63AE962B14060539CC3E1CC70389AE3FDF7EF7FC66FD73EB11E216238A013FB6874685B40DDC0C37435B163BE7CF5BDFDF6CDD75F8DCF3D7F6D7DCCE7BD96F384246513FB81F3F0C47198FB003E62231FBB51C082251FB981EF202F708E0F0F7F708E8E1C1010B6C0B2ACF16D4C39F621F922BE4E03EA42C863442E030F08CBC6C59379826A5D211F58885C98D8A7213E431C2D1083513ADBB64E094642933990A56D214A038EB8D0F3E40383398F02BA9A87620091BBA710C4BC25220C32FD4FCAE97DB772782CB7E2948239941B331EF803018F5E67B67174F18D2C6C17B613D63B1756E64F72D7890527F64D1478B1CBAF230F22DBD2173C9992484E9ED8BFC04233F248153DB0940907455888E891FF0EAC694C781CC18442CC23440EAC9B7841B0FB133CDD05BF019DD098105551A1AA785619104362C51022FE740BCB4CFD99675B4E55CED1050B314526DDD48CF2D7C7B6752516470B02451C280698F320821F814284387837887388A8C480C492C6EADA5A998DEEBBD76CC7F93946D97AFD51C64EE9EDD618E874BE79C2465FBCDEB296C832D1B61E9FB15357A6402870DE05010144072325AE32235013BA428F7895ECBE4E5C18218D64915B6F8124F3D8030ED3149B46C3BD31F3220AFCDB80143A6813EEE7411CB942FFBBA06DD61D8A56C0378CED0C65607467525FE2BB7E2DF9375F4D5CA7A232B0AD4BB47E0F74C51F26B6F8287C8FD7E0E52399061F2816858410E2510C83E3F826C22E7C920428CFEBC00891225FC2A37E2D691BFA3C218218FB2388BCFDAF7CEE234CF6BFECF39CC479BC2FFFB6DF4AF597910CBFFBFC79790529C3C6C5A33E1B72DD9C3216B83851A072D9EA37617553E7D4B37A5D8BA9758B0B56585864141C8A1C227499D887A3D19161B12EF07C7B0A78F51DA0BAC677BA21942DB75B427543938AB53E29154BF37255A1235B4F90D7F40C0870B04EDDF41D6B8A988B3C33988413BD3E9AD498A88F6DE45B2C2C85B1A97CB3146FB04C647D4CB999D03175718848B31134919EB780DC6201AE3F398310A84CE0CD1BEEB36A5EDA9A2B170B6846EFB2496348A5474EC870210151A680FC0E6B3E2522D5D7DCD942BFECDA66598ED13D2E41E7C09BAADBF2A0D79E0EE3B4D5C0D5A1F413EF56A313423AA84E3E3D4B9AB062796D0F6631AFCC6DADFAF5C0E89BED8A8D94563482AC6F72D3B1D47DE849A16A831EF6A9DC2FA6551AF35E67E653B4CEBCD86280BA84D569C296DDE6575C71DECA969B93F6DCF2DE9CD3D09C1B5FA230148580D2ACCB46AC79DAA99BBE9A0F6F61F92986E3B29A4E56A16DB192285DD10AB4A7326D78708123C6F37ADDB6A69E5F334DC92E0D072D5FAA3E81981ECB0F622E273FA7B2CD6F9E69BA301372867121F6E8CB5C9E54EA8ADBDBC593F6292228AA7939980624F669F3D5D22CADF6B8541475BC3F5AD9E952B1CA511369EC685631AE26C307465D50756D7FC76FEDEF4D1DBD570FE797BE8AD05408B4E8A074B42ABA28E3FDD1CAAE968A558EBE9838D97166D83C29EC2B5AD27752553E1D199251924E4F359924432FC6ABE905BDA54B939A6CB83FEBC53EDDD1A78643CBD1014E2D7A3315BF16A3FD91B25E8B0A930DED33488B26880A520CEE3F50AB955DCD5D6596F4DD37932933A4E290E56A6DDA6E7807306DD62BA29B937EF2CA9F4B6FAA5CE3DBF1C6C7AD552D51827A38E9A3CC986C8F15ADB13E5BD60B7C33528C3A5F9F52C46951EF6B75FD38ABB1BB9979A3E84EA7D896D8FB23F664C13D7F621CFC919C309AFF4EA6048B93514EB844142F81F1B4616E1F1F1E1D6BE4FECB21DA1DC63C32806DDF7BE71F4BCB76F6F607B3323AC39D2CB325BFBD0986CE732618468368463D584FEC3F13A1136BF6EB7D2E7760259F4EAC43EB2F75F1B453BD05B3FE7938BA4A6AF7356E2AD564DA0D99F005DE5174ECC4C9B5E5F5FFD6CD2AA3441F51E43EA0E81B1FADBFDD8EAFED3ED0C3D8DACFC3D83A53BAA5C135F6733BB40AA3B91DD4EE624A631E87807D520E6F6BB2AECA326C46CE6D4A4035F5A076CE39753437CDF5DA2AFB9DF34D9B5398CF455AF60CBD1DF294FB8892FEE1F102C8489D5568681ED5FEDAB6836A4C5F9626B6B708848FD3BCA6CE30D99D5A36B2998CAC5BA02772C14636F3942DEA77E3A787A881C4AC43AE25CC9E83DF3459B8561AAF2E22CCBECA0B222D0D9AB29BA6ED36C96E7849B32F210EBCF2FF0A44A661785542C8560B05B772D48B3933BA0CF28CA369944FD16A934BE0C81379E034E278895C2E1EBBC058F2D3A88F88C4494DB5006F46AF631EC65C6C19FC05A9705A3273B5AD9F90AF559DC7D761F203A85D6C41A889C516E09ABE8B31F10ABD2F6ACAA906089912B30A59FA92CB4A79F554205D05B4275066BE2293DF811F1201C6AEE91C3DC226BA89707D0F2BE43EE5EDA566906E4754CD3E3EC36815219F6518A5BCF82A62D8F3D76FFE03A560B1FE5E330000, N'6.1.3-40302')
INSERT [dbo].[__MigrationHistory] ([MigrationId], [ContextKey], [Model], [ProductVersion]) VALUES (N'201701092319097_test10', N'WebDatabase.Migrations.Configuration', 0x1F8B0800000000000400ED5BDB6EE336107D2FD07F10F4D416592BCEBEB481BD8BAC9314463797C6D96DDF025A1A3B44294A15A9D446D12FEB433FA9BF5052578AD4CD9775D2C5A2C022A6396786C3E17038C7FDF7EF7F466F573EB19E206238A0637B3838B62DA06EE061BA1CDB315FBCFADE7EFBE6EBAF46179EBFB23EE6F35ECB794292B2B1FDC87978EA38CC7D041FB1818FDD2860C1820FDCC07790173827C7C73F38C3A10302C216589635BA8B29C73E241FC4C749405D08798CC855E00161D9B8F86696A05AD7C807162217C6F65988CF114773C46090CEB6AD338291B0640664615B88D280232EEC3CFDC060C6A3802E67A11840E47E1D8298B740844166FF6939BDEF528E4FE4529C5230877263C6037F43C0E1EBCC378E2EBE9587EDC277C27B17C2CB7C2D579D78706CDF468117BBFC26F220B22D5DE1E9844472F2D8FE05E69A9307AAE891A54C382AC242448FFCEFC89AC484C7118C29C43C42E4C8BA8DE704BB3FC1FA3EF80DE898C684A8860A53C57795013124348610F1F51D2C32F3A79E6D39553947172CC41499745153CA5F9FD8D6B5508EE6048A38501C30E341043F02850871F06E11E71051890189270DED9AAECC470FDD3ADB717E8E51A66F179464AB36B465E49431D31A499D21649ED3C197D869D1257255B46BDC4CD9992B13291438EF828000A2FB8A1D4DE81A3DE165B2FA3A71E184F43C880C7D072499C71E719826EA341A1E8C999751E0DF05A4B0419BF0300BE2C815F6DF076DB3EE51B404BE656C67281B467726F525BEEB75C97F736DE25216F5856D5DA1D57BA04BFE38B6C59F62EFF10ABC7C24B3E003C5A21C11423C8A61E338BE8DB00B9F2401CAF3BA618448912FE151AF4BFA863E4F8820C6FE0822EFF09A2F7C84C9E1D53ECF499CC587DADFF65BA9FE3292E1F7907F5F5E41CAB071F1A8DF6D72DD9C3116B83831A072D9EA3761755117D4B37A5D8BA9778B0B56785864141C8A1C226C19DBC783C1D0F0581778BE3C05BCFA92A8EAF84E7784B2E4764FA8DBD06462ED9E9486A579B96AD0D0D613E40D3D07021CAC33377DA94D107391670693D844AF8F25352EEAE31BF9168685703695EF53F10E6622EB63CACD848EA98B43449A9DA089F4BC05E4120B70FD9B730881CA04DEBCE03E5AF3D2D6D45C28D09CDEE593C6904A8F9C90E14202A2CC00F919567C4244AAAFB9B3857DD9B5CDB21CA3EFB8049D016FAA6ECB835E7B3A8CD356035787D24FBCDB8C4E08B94175F2E959D28415CF6B6B308B79656E6BD5AF0746DF6C572CA4F4A211647D939B8EA5AE434F0A551FF4F04FE57E31BDD298F73A339F6275B68B2D0EA84B589D2E6C596D7EC515E7AD6CDC3969E72EEFF0390D2DBED1150A435108282DBF6CC49AA5FDBEC9ABD9E68D303FC5705C56D30F2BAC2D3489D2152D41FB56A60D0F2E71C4785EAFDBD6C4F36BA629D9A5E1A0E5AAEA1388B963F941CCE5E4DFA96CF3CB334D176642CE302EC51A7D99CB934A5DD9F676F1A4098B088A6A1E079380C43E6DBE5A9AA5D54E998AA28EF7472BFB652A5639DA1FA9EC7BA848E5A889347234FF1A979CB19B4685510D92FE21B473E46C1B32078D95BC7C50119A4A8A161B94DE58C51665FC338C933DE798EDD3CBA1A2257DDDAAF2E9C826B929E91955D35232F4627635BDEA77DCD2A4BADB7C3FEBC53EDDD1A7C68696A31B6C6AD1E5A9EC6B31DA1F29EBDAA830D9D02183B468A7A820C5E0E103B55A23D6DC55E6E3A0FB66326536A95D64E15B9BB61B5E13A6CF7A45749EF48DB64AD63DC8C5B7B5AEF1A1BDF5796B354B54B31E4E5A3253263B6D4597ADD79AF5C782192BC69B419F52446AF176D0DE08A3AC5EEFFEAD8051C0A7536C4B2CFE097BB2789FAD19077F20270C66BF9309C1E26C9413AE10C50B603C6DBEDB27C7C313EDE7062F87FA7718F3C806FCFFC159042C3DDBC9136CCCF0E89C7BA26647C67D1B0C9D33DD05635801313A5653EAC16A6CFF99489D5AD35F1F0AC1232BF9F3D43AB6FE52D5A7BDF31DB8FECF235CAA347B5FEFA6524DAEDD929B9FE3BDC7D80E9B5C5BA6FF6FB759E5B8E8138ADC47147DE3A3D5B7BB31C8DD477A33FEF8F370B6CEDDEEE8708D8FDD0DADC2B1EE06B5BF98D2B8D04DC03E29ABB8337D58E53DB6A30BB7A5C49A7A597B67C13ADAADA6BED617C2DE29B0ED59D5E7E2517BC6DE1EA9D3438449FFF87801FCA84E743474A16A7F46DCC17EA66FAEB1EDCD03B1C7696253679884532D41DACC8FD629E8895C10A4CDD4698BF9DDF8E9216AE055EB906B39BCE7A05C4D62B09559AC8B08B341F38278548339ED668EBB5DB21FAAD46C6F8803AFFC0F1322D330BC2C2164CB86825B39EAC59C295D0479C6D12CCAA768C5C91570E4893C701671BC402E175FBBC058F26BAD8F88C4495135076F4A6F621EC65C2C19FC39A9D06C3273B5E94FF8E0AACDA39B30F94DD63E9620CCC462097043DFC5987885DD9735F55403844C8959892CF792CB5279B92E90AE03DA1328735F91C9EFC10F8900633774869E601BDB44B8BE872572D77997AA19A47B23AA6E1F9D63B48C90CF328C525E7C1431ECF9AB37FF01236D267637340000, N'6.1.3-40302')
INSERT [dbo].[__MigrationHistory] ([MigrationId], [ContextKey], [Model], [ProductVersion]) VALUES (N'201701092322318_test11', N'WebDatabase.Migrations.Configuration', 0x1F8B0800000000000400ED5BDB6EE336107D2FD07F10F4D416592BCEBEB481BD8BD4C916463797C6D96DDF025A1A3B44294A15A9D441D12FEB433FA9BF5052578AD4D5F63AC16211C0B029CE853387C3E18CF2DF3FFF4EDE6E7C623D42C47040A7F678746C5B40DDC0C3743DB563BE7AF5BDFDF6CDD75F4D2E3C7F637DCCE7BD96F304256553FB81F3F0D47198FB003E62231FBB51C082151FB981EF202F704E8E8F7F70C66307040B5BF0B2ACC96D4C39F621F9217ECE02EA42C863442E030F08CBC6C59345C2D5BA423EB010B930B5CF427C8E385A2206A374B66D9D118C84260B202BDB4294061C71A1E7E907060B1E0574BD08C50022774F2188792B441864FA9F96D3FB2EE5F8442EC5290973566ECC78E00F64387E9DD9C6D1C9B7B2B05DD84E58EF4258993FC95527169CDA3751E0C52EBF8E3C886C4B17783A23919C3CB57F85A566E4914A7A6429138E0A5808F4C8BF236B16131E4730A510F3089123EB265E12ECFE0C4F77C1EF40A73426445554A82A9E5506C490901842C49F6E6195A93FF76CCBA9D2393A6141A6D0A48B9A53FEFAC4B6AE8470B42450E04031C0820711FC041422C4C1BB419C4344250F482C6948D7646536BAEF96D9CEE7971865F276E192B86AB82E57E811AF1373D4F1B3AD5B20C953F680C374CF8D5249C9A7B05A6A04B12DDF45817F1B9042156DC2FD1D8AD6C0857A41DBAC451047AEA6E6C429A1DD0AF84EA49BE164F405E22DB244488D7685F79C9DB932DE43C1E7C7400000D15DC1A9826F7F30CD01D80ED31CCC5BC134E33210A819D517A8D6CB929FB9349106888CC6B62ED1E63DD0357F98DAE2ABF03DDE80978F641A7CA0582440828847310C06F74D845D18B23F7A83446EBD810891245FE0512F4BDA863E0F4410637F06917778C9173EC2E4F0629F67272EE243F9B7FD54AA3F8C24FCEEF3E7E511A40C1B078FFA6CC87173C658E0E244814A6AA89F84D5455D50CFEA752CA6D62D0E586161115170286288D0656A1F8F4663C3625DCC8BD4B0645EBDBB54657CA71B425972BB25543734A958EB9352B1342E57151ADB7A80BCA6E740808375E6A677C319622EF24C3009277A7D34A931511FDBC8DB37AC84B1A9BC118B9B3713511F536E06744C5D1C22D26C048DA4E72920975830D79F9C43085406F0E605F7919A67A9A6E4428066F42E9B34422ADD7282860B0A883205E46FD8F01911A1BEE6CC16FA65C736CB628CEE71C97401BC29BB2D377AEDEE30765B0DBB3A2EFDC8BBD5E864211D54479FEE258D58B1BCB606339957E6B666FD3A30FA46BB6221A5150D90F50D6E3A2F751D7A50A8DAA0877D2AE78B6995C6B8D719F914AD332FB618A02E60759AB065B5F91157ECB7B254E8A4B5C2BCA6E83414152797280C4522A01419B3116B91561867AF16C34B6F7ECAC371594D05AED0B690245257B406EDA90C1B1EBCC311E379BE6E5B33CFAF99A64497868D968BAA0F20A6C7F28D98D3C9EF296DF3CD330D176640CE78BC136BF4652C4F3275C5EDEDE449D9171114D55C0E6601897DDA7CB43453ABB539958B3ADE9F5B59A1537995A3FD3995553A9553396A729A389A7D8D43CEF0A691615441D21F423B23675BC81C142B79FAA072684A295A7450CA5C155D94F117E3DD3D4786ED83C2A17C9CDE4955FA74644844492A3DD56082F552F5B37A353DA077746992930DF7673DD9A7DBB0D47068393AC0A9456DA6E2D762B43FA7ACD6A2B2C9860E09D2A208A23229060F0FD46A665773C298297DF77962D20CC93864BA5A7B2837DC014C9BF542747EA41BC590ECCE9F936FAB5DE3F578EBFDD6AA96C8413D9C1452E64CD6C78ADA58AF35EB29BE891523D3D7A714482D327E2DB39F645976F73B0546DA9D4EB12DB1F847ECC9947BF1C438F8233961B4F883CC08167BA39C7089285E01E369C9DC3E391E9F68AF25BC9C57041CC63C32E03D8183D7FEB1B46C67757F705F46EFCD276276ECCC6FC343EFCBEFC2635C6162D499E6D483CDD4FE2BA13AB5E6BFDD17844756F2F5D43AB6FE56C5A715EF1D9AED9F075CAA7DEEBED64DA99A4CBB65737C89BBF031B8CFFC79F8486D2BD14714B90F28FAC6479B6F776BDA76EFC7612DDBCFC3D87ABB7447836B2DD0DDB855DA9ABBB1DA1FA6B4F6E310669FB491B773C7AEDA6AD8AE43B76D17AAA97CB4F7C6534785D394D79ADEEFBDEBB47D23F3B95A973DB1B7C76EE52160D21F1F2FA025A9F7161A4A48B5EF0A77341CD30BD3D4F69681F0711AD8D419668FA7B627D9DC92AC13D09373D1936CEE56B6A8DFCD3FDD440DADCC3ACEB56DB3E7E8729ABDB8D6665E1D22CCEACA0B6A5D1ACDCAEE666DB749F6D39D346B1362C32BFF1521220DC3EB9285ACB750702B5BBD9833A7AB208F389A46F9142D39B9048E3C1107CE228E57C8E5E2B10B8C252F487D44244E92AA2578737A1DF330E662C9E02F49A5B32523579BFCA4055BD579721D26AF41ED6309424D2C9600D7F4C71813AFD0FB5D4D3ED5C04286C42C4596BEE432555E3F159CAE02DA935166BE2292DF811F12C18C5DD3057A846D7413707D0F6BE43EE525A66626DD8EA89A7D728ED13A423ECB7894F4E2A7C0B0E76FDEFC0FD338016E1C340000, N'6.1.3-40302')
INSERT [dbo].[__MigrationHistory] ([MigrationId], [ContextKey], [Model], [ProductVersion]) VALUES (N'201701092336233_test12', N'WebDatabase.Migrations.Configuration', 0x1F8B0800000000000400ED5ADB6EE336107D2FD07F10F4D416592BC9BEB481BD8BAC9314463797C6D96DDF025A1A3B44294A15A9AC8DA25FD6877E527FA1A4AE14A9AB9D7582C5224060539C33C3B97134E3FFFEF977FC76ED13EB112286033AB18F4687B605D40D3C4C57133BE6CB573FDA6FDF7CFBCDF8DCF3D7D6C77CDF6BB94F505236B11F380F4F1C87B90FE02336F2B11B052C58F2911BF80EF202E7F8F0F027E7E8C80101610B2CCB1ADFC694631F922FE2EB34A02E843C46E432F080B06C5D3C9927A8D615F28185C885897D1AE233C4D1023118A5BB6DEB94602424990359DA16A234E0880B394F3E3098F328A0AB79281610B9DB8420F62D116190C97F526EEF7B94C3637914A724CCA1DC98F1C01F0878F43AD38DA3936FA561BBD09DD0DEB9D032DFC853271A9CD83751E0C52EBF8E3C886C4B6778322591DC3CB17F8385A6E4914A7A60291B0E0AB710DE23FF0EAC694C781CC18442CC23440EAC9B7841B0FB0B6CEE823F804E684C882AA810553CAB2C8825C13184886F6E6199893FF36CCBA9D2393A6141A6D0A4879A51FEFAD8B6AE0473B42050F881A280390F22F8192844888377833887884A0C48346970D778653ABAEFE6D98EF36B8C327EFD51C64E69ED561FE834BE1961A3AF566FE125B24CB4ABC567ECD49529100A9C77414000D16EA42BF48857C94134CCC468E23CA9538A34790B24D9C71E709866CBD4B0F7C6CE8B28F06F039283E81BEEE7411CB94294BBA06DD71D8A56C0B774D30C65A0A366545F5DB59E97FC9F731337A3B8E46DEB12ADDF035DF187892D3E0ADBE33578F94A26C1078A454D20887814C360E7BE89B00B9F2597C9D01BE82192E4AB7BD4F392BAA1CFE32288B14F41E4ED9FF3B98F30D93FDBE789C479BC2FFBB6DF4AF5979174BFFBFC79790529CBC6C5A33E1B72DD9C3216B838114095CBB809AB873AA79ED5EB5A4CB55B5CB042C322A3E050E41021CBC43E1C8D8E0C8D7581E7C753C0ABE57C95C70FBA229423B76B4235439388B53629054BF37255A0235B4F90D7F40C0870B04EDDF475698A988B3CD3998411BD3E92D4A8A88F6EE40B292C85B2A97C49142FA34C647D4CB999D03175718848B31234929EB7803C6201AE3F398310A84CE0CD07EEC335AF524DCE05034DE95D3A6974A934E4040D1714106502C8EFB0E65322527DCD9D2DE4CBAE6D96E518DDE212740EBCA9BA2D03BD363A8C68AB81AB43E947DE2D46278434501D7D1A4B1AB1A279ED0C6631AFEC6DADFA75C7E89BED8A83945A349CAC6F72D3B1D473E849A1AA831EFAA9DC2FA6561AF35E67E653A4CEACD8A280BA84D5A9C296D3E6575C116F65F7CC49DB67799BCD69E8B38D2F51188A4240E9BB652BD63C6DBA4D5FCD8777A3FC14C371594D53AA90B6E0244A57B402EDA94C1B1E5CE088F1BC5EB7ADA9E7D76C53B24B43A0E5ACEA138869B13C10733AF939A56D7EF34CD3859990338C0B71465FE6F2A45257CCDE4E9E7442114151CDCBC13420B14F9BAF96666AB55DA5A2A8EBFDD1CAA6958A55AE9A486347D38A7135193630EA82AA69FB1B7E677B6F6BE8BD5A38BFF45584A642A04506A539559145597F31D67DE278DE3E94F765E3F44D52A54F5786E481A43F534D01C9D28BB16A7AADEE68D2A4921A6ECF7AB2CF17B0D43068B93AC0A84547A562D762B53F52D6215161B2A57D3A69D1BA50418AC5FD3B6AB51EABB961CC42BCFB3E316986D409B2C8ACEBB63455EEA6CE7A79748A59FF2EA948B0AD708DEFB45B875BAB58A270F470D2FD9831D9D42A1A5A7D8EAC97E5A6A718D5B9BEA5F0D3A24AD7AAF1715619778FC68D5239DD625BE2EC8FD89365F27CC338F823B96134FF934C091691516EB844142F81F1B4CD6D1F1F1E1D6BD3F59733E97618F3C88071F7DEFBF5586AB6B3233F7896A28F9813363B0E98B7C1286342C130DA3A33EAC17A62FF95109D58B3DFEF73BA032BF974621D5A7FABCCD3FEF20EA3ED2FC3D0D5A9725FE5A6544DAADD7214BDC05DDE3178AAFB65D8481DE2D04714B90F28FACE47EBEF771B917647E3B001E997A16C7D38B9A3C2B581E36E689521E26E504FE753DAB06F08D8671D9BED3C1FAB36F6B79B876D3BF3696AFB3CF998A7A39F68F26B2BCB9F7CC4B3FDD4F0B9E6843D5DEF094783FBF092FEEEF102E67F7A23BFA1F353FB5BD58EE95EFAA633B1BD45206C9CE63575873950A91D0036CFFFEA18F4442E0680CDA3C116F1BBF1D3206A981BD621D7CEA89E63A4680EBE5A2767751E6136455ED09CD0980C764F46BB55F234A340B3A920025EF955BEC8340CAF4A08D927A1E05642BDD833A3CB20CF389A44F916AD36B9048E3C91074E238E97C8E5E2B10B8C25BF46FA88489CD4540BF066F43AE661CCC591C15F90CA184966AE36FEC9BCB32AF3F83A4C7E73F414471062627104B8A6EF624CBC42EE8B9A72AA0142A6C4AC4296B6E4B2525E6D0AA4AB80F604CAD45764F23BF04322C0D8359DA347D84636E1AEEF6185DC4DDE1B6A06E9364455EDE3338C5611F2598651D28BAFC2873D7FFDE67F1EC42FA49C320000, N'6.1.3-40302')
INSERT [dbo].[__MigrationHistory] ([MigrationId], [ContextKey], [Model], [ProductVersion]) VALUES (N'201701092344438_test13', N'WebDatabase.Migrations.Configuration', 0x1F8B0800000000000400ED5ADB6EE336107D2FD07F10F4D416592BC9BEB481BD8BAC9314463797C6D96DDF025A1A3B44294A15A9AC8DA25FD6877E527FA1A4AE14A9AB9D7582C5224060539C33C3B97134E3FFFEF977FC76ED13EB112286033AB18F4687B605D40D3C4C57133BE6CB573FDA6FDF7CFBCDF8DCF3D7D6C77CDF6BB94F505236B11F380F4F1C87B90FE02336F2B11B052C58F2911BF80EF202E7F8F0F027E7E8C80101610B2CCB1ADFC694631F922FE2EB34A02E843C46E432F080B06C5D3C9927A8D615F28185C885897D1AE233C4D1023118A5BB6DEB94602424990359DA16A234E0880B394F3E3098F328A0AB79281610B9DB8420F62D116190C97F526EEF7B94C3637914A724CCA1DC98F1C01F0878F43AD38DA3936FA561BBD09DD0DEB9D032DFC853271A9CD83751E0C52EBF8E3C886C4B6778322591DC3CB17F8385A6E4914A7A60291B0E0AB710DE23FF0EAC694C781CC18442CC23440EAC9B7841B0FB0B6CEE823F804E684C882AA810553CAB2C8825C13184886F6E6199893FF36CCBA9D2393A6141A6D0A4879A51FEFAD8B6AE0473B42050F881A280390F22F8192844888377833887884A0C48346970D778653ABAEFE6D98EF36B8C327EFD51C64E69ED561FE834BE1961A3AF566FE125B24CB4ABC567ECD49529100A9C77414000D16EA42BF48857C94134CCC468E23CA9538A34790B24D9C71E709866CBD4B0F7C6CE8B28F06F039283E81BEEE7411CB94294BBA06DD71D8A56C0B774D30C65A0A366545F5DB59E97FC9F731337A3B8E46DEB12ADDF035DF187892D3E0ADBE33578F94A26C1078A454D20887814C360E7BE89B00B9F2597C9D01BE82192E4AB7BD4F392BAA1CFE32288B14F41E4ED9FF3B98F30D93FDBE789C479BC2FFBB6DF4AF5979174BFFBFC79790529CBC6C5A33E1B72DD9C3216B838114095CBB809AB873AA79ED5EB5A4CB55B5CB042C322A3E050E41021CBC43E1C8D8E0C8D7581E7C753C0ABE57C95C70FBA229423B76B4235439388B53629054BF37255A0235B4F90D7F40C0870B04EDDF475698A988B3CD3998411BD3E92D4A8A88F6EE40B292C85B2A97C49142FA34C647D4CB999D03175718848B31234929EB7803C6201AE3F398310A84CE0CD07EEC335AF524DCE05034DE95D3A6974A934E4040D1714106502C8EFB0E65322527DCD9D2DE4CBAE6D96E518DDE212740EBCA9BA2D03BD363A8C68AB81AB43E947DE2D46278434501D7D1A4B1AB1A279ED0C6631AFEC6DADFA75C7E89BED8A83945A349CAC6F72D3B1D473E849A1AA831EFAA9DC2FA6561AF35E67E653A4CEACD8A280BA84D5A9C296D3E6575C116F65F7CC49DB67799BCD69E8B38D2F51188A4240E9BB652BD63C6DBA4D5FCD8777A3FC14C371594D53AA90B6E0244A57B402EDA94C1B1E5CE088F1BC5EB7ADA9E7D76C53B24B43A0E5ACEA138869B13C10733AF939A56D7EF34CD3859990338C0B71465FE6F2A45257CCDE4E9E7442114151CDCBC13420B14F9BAF96666AB55DA5A2A8EBFDD1CAA6958A55AE9A486347D38A7135193630EA82AA69FB1B7E677B6F6BE8BD5A38BFF45584A642A04506A539559145597F31D67DE278DE3E94F765E3F44D52A54F5786E481A43F534D01C9D28BB16A7AADEE68D2A4921A6ECF7AB2CF17B0D43068B93AC0A84547A562D762B53F52D6215161B2A57D3A69D1BA50418AC5FD3B6AB51EABB961CC42BCFB3E316986D409B2C8ACEBB63455EEA6CE7A79748A59FF2EA948B0AD708DEFB45B875BAB58A270F470D2FD9831D9D42A1A5A7D8EAC97E5A6A718D5B9BEA5F0D3A24AD7AAF1715619778FC68D5239DD625BE2EC8FD89365F27CC338F823B96134FF934C091691516EB844142F81F1B4CD6D1F1F1E1D6BD3F59733E97618F3C88071F7DEFBF5586AB6B3233F7896A28F9813363B0E98B7C1286342C130DA3A33EAC17A62FF95109D58B3DFEF73BA032BF974621D5A7FABCCD3FEF20EA3ED2FC3D0D5A9725FE5A6544DAADD7214BDC05DDE3178AAFB65D8481DE2D04714B90F28FACE47EBEF771B917647E3B001E997A16C7D38B9A3C2B581E36E689521E26E504FE753DAB06F08D8671D9BED3C1FAB36F6B79B876D3BF3696AFB3CF998A7A39F68F26B2BCB9F7CC4B3FDD4F0B9E6843D5DEF094783FBF092FEEEF102E67F7A23BFA1F353FB5BD58EE95EFAA633B1BD45206C9CE63575873950A91D0036CFFFEA18F4442E0680CDA3C116F1BBF1D3206A981BD621D7CEA89E63A4680EBE5A2767751E6136455ED09CD0980C764F46BB55F234A340B3A920025EF955BEC8340CAF4A08D927A1E05642BDD833A3CB20CF389A44F916AD36B9048E3C91074E238E97C8E5E2B10B8C25BF46FA88489CD4540BF066F43AE661CCC591C15F90CA184966AE36FEC9BCB32AF3F83A4C7E73F414471062627104B8A6EF624CBC42EE8B9A72AA0142A6C4AC4296B6E4B2525E6D0AA4AB80F604CAD45764F23BF04322C0D8359DA347D84636E1AEEF6185DC4DDE1B6A06E9364455EDE3338C5611F2598651D28BAFC2873D7FFDE67F1EC42FA49C320000, N'6.1.3-40302')
SET IDENTITY_INSERT [dbo].[Orders] ON 

INSERT [dbo].[Orders] ([Id], [UserId], [IsAccepted], [Order_Id]) VALUES (7, 5, 1, NULL)
INSERT [dbo].[Orders] ([Id], [UserId], [IsAccepted], [Order_Id]) VALUES (9, 7, 1, NULL)
SET IDENTITY_INSERT [dbo].[Orders] OFF
SET IDENTITY_INSERT [dbo].[ProductOrders] ON 

INSERT [dbo].[ProductOrders] ([Product_Id], [Id], [Quantity], [Order_Id]) VALUES (4, 23, 1, 7)
INSERT [dbo].[ProductOrders] ([Product_Id], [Id], [Quantity], [Order_Id]) VALUES (2, 24, 38, 7)
INSERT [dbo].[ProductOrders] ([Product_Id], [Id], [Quantity], [Order_Id]) VALUES (7, 25, 3, 7)
INSERT [dbo].[ProductOrders] ([Product_Id], [Id], [Quantity], [Order_Id]) VALUES (3, 26, 4, 7)
INSERT [dbo].[ProductOrders] ([Product_Id], [Id], [Quantity], [Order_Id]) VALUES (4, 27, 3, 9)
INSERT [dbo].[ProductOrders] ([Product_Id], [Id], [Quantity], [Order_Id]) VALUES (5, 28, 3, 9)
INSERT [dbo].[ProductOrders] ([Product_Id], [Id], [Quantity], [Order_Id]) VALUES (7, 29, 3, 9)
INSERT [dbo].[ProductOrders] ([Product_Id], [Id], [Quantity], [Order_Id]) VALUES (3, 30, 4, 9)
SET IDENTITY_INSERT [dbo].[ProductOrders] OFF
SET IDENTITY_INSERT [dbo].[Products] ON 

INSERT [dbo].[Products] ([Id], [Name], [Price]) VALUES (1, N'PłytaCD', 5)
INSERT [dbo].[Products] ([Id], [Name], [Price]) VALUES (2, N'Banan', 1)
INSERT [dbo].[Products] ([Id], [Name], [Price]) VALUES (3, N'Komputer', 2200)
INSERT [dbo].[Products] ([Id], [Name], [Price]) VALUES (4, N'10 ectsow na polibudzie', 500)
INSERT [dbo].[Products] ([Id], [Name], [Price]) VALUES (5, N'łapówka za egzamin', 1000)
INSERT [dbo].[Products] ([Id], [Name], [Price]) VALUES (6, N'sumator na architekturę', 150)
INSERT [dbo].[Products] ([Id], [Name], [Price]) VALUES (7, N'Wihajster', 100000)
SET IDENTITY_INSERT [dbo].[Products] OFF
SET IDENTITY_INSERT [dbo].[Users] ON 

INSERT [dbo].[Users] ([Id], [Username], [Password], [Email], [Name], [Surname]) VALUES (5, N'test', N'test', N'test', N'testowy', N'tesciarz')
INSERT [dbo].[Users] ([Id], [Username], [Password], [Email], [Name], [Surname]) VALUES (7, N'Baraka', N'Ayeee', N'Takam', N'Testowa', N'Testerka')
SET IDENTITY_INSERT [dbo].[Users] OFF
/****** Object:  Index [IX_UserId]    Script Date: 2017-01-10 01:32:15 ******/
CREATE NONCLUSTERED INDEX [IX_UserId] ON [dbo].[Orders]
(
	[UserId] ASC
)WITH (PAD_INDEX = OFF, STATISTICS_NORECOMPUTE = OFF, SORT_IN_TEMPDB = OFF, DROP_EXISTING = OFF, ONLINE = OFF, ALLOW_ROW_LOCKS = ON, ALLOW_PAGE_LOCKS = ON) ON [PRIMARY]
GO
/****** Object:  Index [IX_Order_Id]    Script Date: 2017-01-10 01:32:15 ******/
CREATE NONCLUSTERED INDEX [IX_Order_Id] ON [dbo].[ProductOrders]
(
	[Order_Id] ASC
)WITH (PAD_INDEX = OFF, STATISTICS_NORECOMPUTE = OFF, SORT_IN_TEMPDB = OFF, DROP_EXISTING = OFF, ONLINE = OFF, ALLOW_ROW_LOCKS = ON, ALLOW_PAGE_LOCKS = ON) ON [PRIMARY]
GO
ALTER TABLE [dbo].[Orders]  WITH CHECK ADD  CONSTRAINT [FK_dbo.Orders_dbo.Users_UserId] FOREIGN KEY([UserId])
REFERENCES [dbo].[Users] ([Id])
ON DELETE CASCADE
GO
ALTER TABLE [dbo].[Orders] CHECK CONSTRAINT [FK_dbo.Orders_dbo.Users_UserId]
GO
ALTER TABLE [dbo].[ProductOrders]  WITH CHECK ADD  CONSTRAINT [FK_dbo.ProductOrders_dbo.Orders_Order_Id1] FOREIGN KEY([Order_Id])
REFERENCES [dbo].[Orders] ([Id])
GO
ALTER TABLE [dbo].[ProductOrders] CHECK CONSTRAINT [FK_dbo.ProductOrders_dbo.Orders_Order_Id1]
GO
USE [master]
GO
ALTER DATABASE [WebApiHomework] SET  READ_WRITE 
GO
